date,indeks,price,volume
01.01.2012,t2pa,6.31,300000
02.01.2012,t2pa,6.31,300000
03.01.2012,t2pa,6.31,300000
10.01.2012,t2pa,6.83,300000
17.01.2012,t2pa,6.68,300000
24.01.2012,t2pa,6.9,300000
26.01.2012,t2pa,7.46,850000
31.01.2012,t2pa,7.66,300000
07.02.2012,t2pa,8.42,300000
14.02.2012,t2pa,7.6,300000
21.02.2012,t2pa,8.58,300000
23.02.2012,t2pa,8.81,1000000
28.02.2012,t2pa,9.17,300000
06.03.2012,t2pa,8.44,300000
13.03.2012,t2pa,7.65,300000
15.03.2012,t2pa,7.8,850000
20.03.2012,t2pa,7.25,300000
22.03.2012,t2pa,6.95,1000000
27.03.2012,t2pa,6.9,300000
03.04.2012,t2pa,6,300000
10.04.2012,t2pa,6.54,300000
17.04.2012,t2pa,6.97,300000
19.04.2012,t2pa,7.02,1000000
24.04.2012,t2pa,7.06,300000
08.05.2012,t2pa,6.5,300000
15.05.2012,t2pa,6.49,300000
22.05.2012,t2pa,6.65,300000
29.05.2012,t2pa,6.55,300000
05.06.2012,t2pa,6.27,300000
12.06.2012,t2pa,6.54,300000
14.06.2012,t2pa,6.59,1000000
19.06.2012,t2pa,7.39,300000
26.06.2012,t2pa,8,300000
03.07.2012,t2pa,8.11,300000
10.07.2012,t2pa,7.87,300000
17.07.2012,t2pa,7.68,300000
24.07.2012,t2pa,7.13,300000
31.07.2012,t2pa,6.64,300000
07.08.2012,t2pa,7.21,300000
14.08.2012,t2pa,7.51,300000
21.08.2012,t2pa,7.6,300000
28.08.2012,t2pa,8.25,300000
04.09.2012,t2pa,8.24,300000
11.09.2012,t2pa,7.72,300000
18.09.2012,t2pa,7.25,300000
25.09.2012,t2pa,7.21,300000
02.10.2012,t2pa,7.79,300000
09.10.2012,t2pa,7.85,300000
11.10.2012,t2pa,7.59,1000000
16.10.2012,t2pa,7.76,300000
23.10.2012,t2pa,7.85,300000
26.10.2012,t3pa,7.54,3000000
30.10.2012,t2pa,8.12,300000
02.11.2012,t3pa,7.96,3000000
06.11.2012,t2pa,8.24,1150000
09.11.2012,t3pa,8.2,3000000
13.11.2012,t2pa,8.53,1150000
13.11.2012,t3pa,8.49,4031000
15.11.2012,t3pa,7.3,4031000
16.11.2012,t3pa,6.75,3000000
20.11.2012,t2pa,6.56,868000
20.11.2012,t3pa,6.47,4478500
22.11.2012,t3pa,6.64,4478500
23.11.2012,t3pa,6.75,3000000
27.11.2012,t3pa,6.7,4837500
29.11.2012,t3pa,6.68,4837500
30.11.2012,t3pa,6.23,3000000
04.12.2012,t3pa,5.82,5301500
06.12.2012,t3pa,6.3,5301500
07.12.2012,t3pa,6.42,3000000
10.12.2012,t2pa,6.63,1250000
11.12.2012,t3pa,6.91,5515500
13.12.2012,t3pa,6.55,5515500
14.12.2012,t3pa,6.57,2531000
17.12.2012,t2pa,6.29,1250000
18.12.2012,t3pa,6.45,5584500
07.01.2013,t3pa,6.18,3545000
08.01.2013,t3pa,6.35,3544500
10.01.2013,t3pa,5.93,3544500
11.01.2013,t3pa,5.75,4020000
14.01.2013,t3pa,5.55,3544500
15.01.2013,t3pa,5.77,3544500
17.01.2013,t3pa,5.36,3544500
21.01.2013,t3pa,4.7,3544500
22.01.2013,t3pa,4.88,3544000
24.01.2013,t3pa,4.58,3544000
25.01.2013,t3pa,3.88,5025000
28.01.2013,t3pa,3.9,3472500
29.01.2013,t3pa,3.88,3472500
31.01.2013,t3pa,3.43,3472500
01.02.2013,t3pa,3.15,5025000
04.02.2013,t3pa,4,3472500
05.02.2013,t3pa,4.1,3472000
07.02.2013,t3pa,4.24,3472000
08.02.2013,t3pa,4.32,5025000
11.02.2013,t3pa,4.19,3472000
12.02.2013,t3pa,4.44,3472000
14.02.2013,t3pa,5,3472000
15.02.2013,t3pa,4.96,5025000
18.02.2013,t3pa,5.14,3553000
19.02.2013,t3pa,4.31,3460500
21.02.2013,t3pa,4.68,3460500
25.02.2013,t3pa,4.76,3460500
26.02.2013,t3pa,4.13,3460500
26.02.2013,t2pa,4.29,2000000
28.02.2013,t3pa,4.38,3460500
01.03.2013,t3pa,4.64,5025000
04.03.2013,t3pa,4.54,3460000
05.03.2013,t3pa,4.41,3460000
05.03.2013,t2pa,4.34,2000000
07.03.2013,t3pa,4.12,3460000
08.03.2013,t3pa,4.15,5025000
11.03.2013,t3pa,4.01,3460000
12.03.2013,t2pa,3.66,2000000
14.03.2013,t3pa,3.36,4286500
15.03.2013,t3pa,3.47,5025000
18.03.2013,t3pa,3.47,4454000
19.03.2013,t3pa,3.33,4451000
19.03.2013,t2pa,3.32,3565000
20.03.2013,t2pa,3.67,1568500
21.03.2013,t3pa,4.06,4448500
22.03.2013,t3pa,4.23,5025000
25.03.2013,t3pa,4.1,3587500
26.03.2013,t3pa,4.54,3587500
26.03.2013,t2pa,4.72,749000
28.03.2013,t3pa,4.72,3587500
02.04.2013,t3pa,4.4,3587500
04.04.2013,t3pa,4.69,3587500
05.04.2013,t3pa,5.05,4020000
08.04.2013,t3pa,4.98,3587500
09.04.2013,t3pa,4.9,3554000
11.04.2013,t3pa,4.3,3554000
12.04.2013,t3pa,4.4,4020000
15.04.2013,t3pa,4.68,3554000
16.04.2013,t3pa,4.67,3553500
18.04.2013,t3pa,2.75,3553500
19.04.2013,t3pa,3.1,4020000
22.04.2013,t3pa,2.77,3462000
23.04.2013,t3pa,2.65,3462000
23.04.2013,t2pa,2.76,2587500
24.04.2013,t2pa,2.99,865000
25.04.2013,t3pa,2.91,3462000
25.04.2013,t2pa,2.95,2587000
26.04.2013,t3pa,2.95,4020000
29.04.2013,t3pa,3.04,3462000
30.04.2013,t3pa,3.23,3462000
02.05.2013,t3pa,2.9,3462000
03.05.2013,t3pa,2.95,4020000
06.05.2013,t3pa,3.65,3462000
07.05.2013,t3pa,3.68,3462000
10.05.2013,t3pa,3.52,4020000
13.05.2013,t3pa,3.23,3462000
14.05.2013,t3pa,3.23,3462000
16.05.2013,t3pa,3.47,3462000
17.05.2013,t3pa,3.55,4020000
21.05.2013,t3pa,3.49,3462000
23.05.2013,t3pa,3.2,3462000
24.05.2013,t3pa,3.3,4020000
27.05.2013,t3pa,3.41,3462000
28.05.2013,t3pa,3.5,3462000
30.05.2013,t3pa,3.65,3462000
31.05.2013,t3pa,3.96,4020000
03.06.2013,t3pa,3.8,3461500
04.06.2013,t3pa,3.9,3461500
06.06.2013,t3pa,3.9,3461500
07.06.2013,t3pa,4.12,4020000
10.06.2013,t3pa,4.14,3461500
11.06.2013,t3pa,3.97,3461500
13.06.2013,t3pa,4.55,3461500
14.06.2013,t3pa,4.4,4020000
17.06.2013,t3pa,4.65,3461500
18.06.2013,t3pa,4.63,3461500
20.06.2013,t3pa,4.3,3461500
21.06.2013,t3pa,4.33,4020000
24.06.2013,t3pa,4.19,3461500
25.06.2013,t3pa,4.04,3461500
27.06.2013,t3pa,4.31,3461500
28.06.2013,t3pa,4.31,4020000
01.07.2013,t3pa,4.06,3461500
02.07.2013,t3pa,4.23,3461500
04.07.2013,t3pa,4.55,3461500
05.07.2013,t3pa,4.4,4020000
08.07.2013,t3pa,4.16,3461500
09.07.2013,t3pa,4.2,3461500
11.07.2013,t3pa,4.06,3461500
12.07.2013,t3pa,3.95,4020000
15.07.2013,t3pa,3.99,3461500
16.07.2013,t3pa,4.11,3461500
18.07.2013,t3pa,4.1,3461500
19.07.2013,t3pa,4.06,4020000
22.07.2013,t3pa,4.1,3461500
23.07.2013,t3pa,4.26,3461500
25.07.2013,t3pa,4.3,3461500
26.07.2013,t3pa,4.28,4020000
29.07.2013,t3pa,4.24,3461500
30.07.2013,t3pa,4.33,3461500
01.08.2013,t3pa,4.36,1768500
02.08.2013,t3pa,4.3,2010000
05.08.2013,t3pa,4.4,1768500
06.08.2013,t3pa,4.39,1768500
08.08.2013,t3pa,4.43,1768500
09.08.2013,t3pa,4.48,2010000
12.08.2013,t3pa,4.4,1768500
13.08.2013,t3pa,4.28,1768500
16.08.2013,t3pa,4.33,2010000
19.08.2013,t3pa,4.31,1768500
20.08.2013,t3pa,4.28,1768500
22.08.2013,t3pa,4.43,1768500
23.08.2013,t3pa,4.49,2010000
27.08.2013,t3pa,4.44,1768500
29.08.2013,t3pa,4.57,1768500
30.08.2013,t3pa,4.54,2010000
02.09.2013,t3pa,4.49,3461500
03.09.2013,t3pa,4.38,3461500
05.09.2013,t3pa,4.75,3461500
06.09.2013,t3pa,5.05,4020000
09.09.2013,t3pa,5.38,3461500
10.09.2013,t3pa,5.13,3461500
12.09.2013,t3pa,5.3,3461500
13.09.2013,t3pa,5.37,4020000
16.09.2013,t3pa,5.38,3461500
16.09.2013,t3pa,5.42,3661000
17.09.2013,t3pa,5.44,3461500
19.09.2013,t3pa,5.4,3461500
20.09.2013,t3pa,5.3,4020000
23.09.2013,t3pa,5.24,3461500
23.09.2013,t3pa,5.37,3661000
24.09.2013,t3pa,5.47,3461500
26.09.2013,t3pa,5.33,3461500
27.09.2013,t3pa,5.38,4020000
30.09.2013,t3pa,5.21,3461500
30.09.2013,t3pa,5.15,3661000
01.10.2013,t3pa,5.05,3461500
04.10.2013,t3pa,5.12,4020000
07.10.2013,t3pa,5.1,3461500
07.10.2013,t3pa,5.05,3661000
08.10.2013,t3pa,4.88,3461500
10.10.2013,t3pa,4.7,3461500
11.10.2013,t3pa,4.58,4020000
14.10.2013,t3pa,4.54,3461500
14.10.2013,t3pa,4.56,3661000
15.10.2013,t3pa,5.07,3461500
17.10.2013,t3pa,5.27,3461500
18.10.2013,t3pa,5.14,4020000
21.10.2013,t3pa,4.94,3461500
21.10.2013,t3pa,4.78,3660500
22.10.2013,t3pa,4.64,3461500
24.10.2013,t3pa,4.58,3461500
25.10.2013,t3pa,4.61,4020000
28.10.2013,t3pa,4.85,3461500
28.10.2013,t3pa,4.81,3660500
29.10.2013,t3pa,4.78,3461500
31.10.2013,t3pa,4.87,3461500
01.11.2013,t3pa,4.63,4020000
04.11.2013,t3pa,4.58,3461500
04.11.2013,t3pa,4.64,3660500
05.11.2013,t3pa,4.7,3461500
07.11.2013,t3pa,4.73,3461500
08.11.2013,t3pa,4.78,4020000
11.11.2013,t3pa,4.45,3461500
11.11.2013,t3pa,4.47,3660500
12.11.2013,t3pa,4.57,3461500
14.11.2013,t3pa,4.63,3461500
15.11.2013,t3pa,4.46,4020000
18.11.2013,t3pa,4.38,3461500
18.11.2013,t3pa,4.33,3660500
19.11.2013,t3pa,4.44,3461500
21.11.2013,t3pa,4.44,3461500
22.11.2013,t3pa,4.48,4020000
25.11.2013,t3pa,4.38,3461500
25.11.2013,t3pa,4.38,3660500
26.11.2013,t3pa,4.41,3461500
28.11.2013,t3pa,4.41,3442500
29.11.2013,t3pa,4.36,4020000
02.12.2013,t3pa,4.33,3442500
02.12.2013,t3pa,4.36,3660500
03.12.2013,t3pa,4.47,3442500
05.12.2013,t3pa,4.49,3442500
06.12.2013,t3pa,4.7,4020000
09.12.2013,t3pa,4.71,3442500
09.12.2013,t3pa,4.65,3660500
10.12.2013,t3pa,4.8,3442500
12.12.2013,t3pa,4.77,3442500
13.12.2013,t3pa,4.84,3670500
16.12.2013,t3pa,4.71,3442500
16.12.2013,t3pa,4.69,3660500
17.12.2013,t3pa,4.7,3999000
07.01.2014,t3pa,4.65,4018500
08.01.2014,t3pa,4.69,4445000
09.01.2014,t3pa,4.56,4018500
10.01.2014,t3pa,4.45,4600000
13.01.2014,t3pa,4.52,4018500
14.01.2014,t3pa,4.73,4018500
16.01.2014,t3pa,5.01,4018500
17.01.2014,t3pa,5.04,4600000
20.01.2014,t3pa,5.05,4018500
21.01.2014,t3pa,4.93,4018500
23.01.2014,t3pa,5.02,4018500
24.01.2014,t3pa,4.97,4600000
27.01.2014,t3pa,5.34,4018500
28.01.2014,t3pa,5.47,4018500
30.01.2014,t3pa,5.55,4018500
31.01.2014,t3pa,5.6,4600000
03.02.2014,t3pa,5.48,4018500
04.02.2014,t3pa,5.93,4018500
05.02.2014,t3pa,5.97,4445000
06.02.2014,t3pa,6.01,4018500
07.02.2014,t3pa,6.45,4600000
10.02.2014,t3pa,6.34,4018500
11.02.2014,t3pa,6.3,4018500
13.02.2014,t3pa,6.21,4018500
14.02.2014,t3pa,6.31,4600000
17.02.2014,t3pa,6.7,4018500
18.02.2014,t3pa,6.74,4018500
20.02.2014,t3pa,6.92,4018500
21.02.2014,t3pa,6.85,4600000
24.02.2014,t3pa,7.1,4018500
25.02.2014,t3pa,6.85,4018500
27.02.2014,t3pa,6.47,4018500
28.02.2014,t3pa,6.83,4600000
03.03.2014,t3pa,6.97,4018500
04.03.2014,t3pa,6.65,4018500
05.03.2014,t3pa,6.89,4445000
06.03.2014,t3pa,6.71,4018500
07.03.2014,t3pa,6.72,4600000
10.03.2014,t3pa,6.93,4018500
11.03.2014,t3pa,6.81,4018500
13.03.2014,t3pa,6.51,4018500
14.03.2014,t3pa,6.19,4600000
17.03.2014,t3pa,6.15,1927500
18.03.2014,t3pa,6,1927500
20.03.2014,t3pa,6,1927500
21.03.2014,t3pa,6.1,2352000
24.03.2014,t3pa,6.08,1927500
25.03.2014,t3pa,5.8,1927500
27.03.2014,t3pa,5.35,1927500
28.03.2014,t3pa,5.1,2352000
31.03.2014,t3pa,4.17,1927500
01.04.2014,t3pa,4.9,1927500
03.04.2014,t3pa,4.6,1927500
04.04.2014,t3pa,4.75,2352000
07.04.2014,t3pa,4.72,1927500
08.04.2014,t3pa,5.03,1927500
10.04.2014,t3pa,5,1927500
11.04.2014,t3pa,5.26,2352000
14.04.2014,t3pa,5.3,1927500
15.04.2014,t3pa,5.23,1927500
17.04.2014,t3pa,5.46,1927500
22.04.2014,t3pa,5.62,1927500
24.04.2014,t3pa,5.77,1927500
25.04.2014,t3pa,5.52,2352000
28.04.2014,t3pa,5.21,1927500
29.04.2014,t3pa,5.39,1927500
02.05.2014,t3pa,5.28,2352000
05.05.2014,t3pa,5.03,1927500
06.05.2014,t3pa,5.25,1927500
08.05.2014,t3pa,5.09,1927500
09.05.2014,t3pa,5.1,2352000
12.05.2014,t3pa,5.28,1873000
13.05.2014,t3pa,5.34,1873000
15.05.2014,t3pa,4.75,1873000
16.05.2014,t3pa,4.72,2352000
19.05.2014,t3pa,4.6,1873000
20.05.2014,t3pa,4.59,1873000
22.05.2014,t3pa,5.23,1873000
23.05.2014,t3pa,5.08,2352000
26.05.2014,t3pa,4.98,1873000
27.05.2014,t3pa,5.05,1873000
30.05.2014,t3pa,5.1,2352000
02.06.2014,t3pa,4.94,1873000
03.06.2014,t3pa,5.19,1873000
05.06.2014,t3pa,5.5,1873000
06.06.2014,t3pa,5.41,2352000
10.06.2014,t3pa,5.45,1873000
12.06.2014,t3pa,5.4,1873000
13.06.2014,t3pa,5.63,2352000
16.06.2014,t3pa,5.68,1873000
17.06.2014,t3pa,5.55,1873000
19.06.2014,t3pa,5.6,1873000
20.06.2014,t3pa,5.56,2352000
23.06.2014,t3pa,5.64,1873000
24.06.2014,t3pa,5.84,1873000
26.06.2014,t3pa,5.77,1873000
27.06.2014,t3pa,5.7,2352000
30.06.2014,t3pa,5.82,1873000
01.07.2014,t3pa,5.8,1873000
03.07.2014,t3pa,5.97,1873000
04.07.2014,t3pa,5.91,2352000
07.07.2014,t3pa,5.5,1873000
08.07.2014,t3pa,5.6,1873000
10.07.2014,t3pa,5.72,1873000
11.07.2014,t3pa,5.64,2352000
14.07.2014,t3pa,5.7,1873000
15.07.2014,t3pa,5.88,1873000
17.07.2014,t3pa,6.07,1873000
18.07.2014,t3pa,6,2352000
21.07.2014,t3pa,6.02,1873000
22.07.2014,t3pa,6.1,1873000
24.07.2014,t3pa,6.1,1873000
25.07.2014,t3pa,5.99,2352000
28.07.2014,t3pa,6.05,1873000
29.07.2014,t3pa,6.1,1873000
31.07.2014,t3pa,6.11,1873000
01.08.2014,t3pa,6.29,1176000
04.08.2014,t3pa,6.27,934000
05.08.2014,t3pa,6.17,934000
07.08.2014,t3pa,6.2,934000
08.08.2014,t3pa,5.93,1176000
11.08.2014,t3pa,5.95,934000
12.08.2014,t3pa,6.07,934000
14.08.2014,t3pa,6.22,934000
15.08.2014,t3pa,6.18,1176000
18.08.2014,t3pa,6.34,934000
19.08.2014,t3pa,6.28,934000
21.08.2014,t3pa,6.43,934000
22.08.2014,t3pa,6.34,1176000
25.08.2014,t3pa,6.3,934000
26.08.2014,t3pa,6.26,934000
28.08.2014,t3pa,6.38,934000
29.08.2014,t3pa,6.4,1176000
01.09.2014,t3pa,6.25,1873000
02.09.2014,t3pa,6.35,1873000
04.09.2014,t3pa,6.25,1873000
05.09.2014,t3pa,6.04,2352000
08.09.2014,t3pa,6.25,1873000
09.09.2014,t3pa,6.23,1873000
11.09.2014,t3pa,6.07,1873000
12.09.2014,t3pa,6.06,2352000
15.09.2014,t3pa,5.95,1873000
16.09.2014,t3pa,5.81,1873000
18.09.2014,t3pa,5.83,1873000
19.09.2014,t3pa,5.94,2352000
22.09.2014,t3pa,5.98,1873000
23.09.2014,t3pa,5.9,1873000
25.09.2014,t3pa,5.72,1873000
26.09.2014,t3pa,5.8,2352000
29.09.2014,t3pa,5.85,1873000
30.09.2014,t3pa,5.68,1873000
02.10.2014,t3pa,5.74,1873000
06.10.2014,t3pa,5.67,1873000
07.10.2014,t3pa,5.67,1873000
09.10.2014,t3pa,6.06,1873000
10.10.2014,t3pa,6.03,2352000
13.10.2014,t3pa,5.88,1873000
14.10.2014,t3pa,6.01,1873000
16.10.2014,t3pa,6.16,1873000
17.10.2014,t3pa,6.23,2352000
20.10.2014,t3pa,6.03,1873000
21.10.2014,t3pa,6.15,1873000
23.10.2014,t3pa,6.16,1873000
24.10.2014,t3pa,6.35,2352000
27.10.2014,t3pa,6.33,1873000
28.10.2014,t3pa,6.26,1873000
30.10.2014,t3pa,6.38,1873000
31.10.2014,t3pa,6.35,2352000
03.11.2014,t3pa,6.3,1873000
04.11.2014,t3pa,6.56,1873000
06.11.2014,t3pa,6.61,1873000
07.11.2014,t3pa,6.6,2352000
10.11.2014,t3pa,6.7,1873000
11.11.2014,t3pa,6.68,1873000
13.11.2014,t3pa,6.78,1873000
14.11.2014,t3pa,6.7,2352000
17.11.2014,t3pa,6.64,1873000
18.11.2014,t3pa,6.91,1873000
20.11.2014,t3pa,6.93,1873000
21.11.2014,t3pa,6.88,2352000
24.11.2014,t3pa,7.02,1873000
25.11.2014,t3pa,7.05,1873000
27.11.2014,t3pa,7.09,1873000
28.11.2014,t3pa,7.02,2352000
01.12.2014,t3pa,6.95,1873000
02.12.2014,t3pa,7,1873000
04.12.2014,t3pa,6.77,1873000
05.12.2014,t3pa,6.66,2352000
08.12.2014,t3pa,6.58,1873000
09.12.2014,t3pa,6.6,1873000
11.12.2014,t3pa,6.65,1873000
12.12.2014,t3pa,6.64,2335500
15.12.2014,t3pa,6.6,1873000
16.12.2014,t3pa,6.93,1727500
08.01.2015,t3pa,6.7,2918000
09.01.2015,t3pa,6.71,3198000
12.01.2015,t3pa,6.59,2918000
13.01.2015,t3pa,6.77,2918000
15.01.2015,t3pa,7.1,2918000
16.01.2015,t3pa,7.05,3198000
19.01.2015,t3pa,7.06,2918000
20.01.2015,t3pa,7.25,2918000
22.01.2015,t3pa,7.02,2918000
23.01.2015,t3pa,6.81,3198000
26.01.2015,t3pa,6.76,2918000
27.01.2015,t3pa,6.82,2918000
28.01.2015,t3pa,6.76,2854000
29.01.2015,t3pa,6.92,2918000
30.01.2015,t3pa,6.96,3198000
02.02.2015,t3pa,7.06,2918000
03.02.2015,t3pa,7.06,2918000
05.02.2015,t3pa,6.87,2918000
06.02.2015,t3pa,6.92,3198000
09.02.2015,t3pa,6.86,2918000
10.02.2015,t3pa,6.88,2918000
12.02.2015,t3pa,7.29,2918000
13.02.2015,t3pa,7.35,3198000
16.02.2015,t3pa,7.66,2918000
17.02.2015,t3pa,7.62,2918000
19.02.2015,t3pa,7.37,2918000
20.02.2015,t3pa,7.26,3198000
23.02.2015,t3pa,7.2,2918000
24.02.2015,t3pa,7.66,2918000
26.02.2015,t3pa,7.29,2918000
27.02.2015,t3pa,6.93,3198000
02.03.2015,t3pa,6.9,2918000
03.03.2015,t3pa,6.82,2918000
05.03.2015,t3pa,6.96,2918000
06.03.2015,t3pa,6.7,3198000
09.03.2015,t3pa,6.66,2918000
10.03.2015,t3pa,6.67,2918000
12.03.2015,t3pa,6.61,2918000
13.03.2015,t3pa,6.26,3198000
16.03.2015,t3pa,6.36,2918000
17.03.2015,t3pa,6.45,2918000
19.03.2015,t3pa,6.7,2918000
20.03.2015,t3pa,6.7,3198000
23.03.2015,t3pa,6.94,2918000
24.03.2015,t3pa,7.02,2918000
25.03.2015,t3pa,6.77,2854000
26.03.2015,t3pa,7,2918000
27.03.2015,t3pa,6.9,3198000
30.03.2015,t3pa,6.81,2918000
31.03.2015,t3pa,6.79,2918000
02.04.2015,t3pa,7.14,2918000
07.04.2015,t3pa,7.08,2918000
09.04.2015,t3pa,7.12,2918000
10.04.2015,t3pa,6.96,3198000
13.04.2015,t3pa,6.82,2918000
14.04.2015,t3pa,6.77,2918000
16.04.2015,t3pa,6.82,2918000
17.04.2015,t3pa,6.83,3198000
20.04.2015,t3pa,6.88,2918000
21.04.2015,t3pa,7.07,2918000
23.04.2015,t3pa,7.06,2918000
24.04.2015,t3pa,7.27,3198000
27.04.2015,t3pa,7.33,2918000
28.04.2015,t3pa,7.16,2918000
30.04.2015,t3pa,7.52,2918000
05.05.2015,t3pa,7.5,2918000
07.05.2015,t3pa,7.5,2918000
08.05.2015,t3pa,7.43,3198000
11.05.2015,t3pa,7.5,2918000
12.05.2015,t3pa,7.62,2918000
15.05.2015,t3pa,7.48,3198000
18.05.2015,t3pa,7.54,2918000
19.05.2015,t3pa,7.51,2918000
20.05.2015,t3pa,7.38,2854000
21.05.2015,t3pa,7.3,2918000
22.05.2015,t3pa,7.25,3198000
26.05.2015,t3pa,7.28,2918000
28.05.2015,t3pa,7.2,2918000
29.05.2015,t3pa,7.22,3198000
01.06.2015,t3pa,7.23,2918000
02.06.2015,t3pa,7.26,2918000
05.06.2015,t3pa,7.4,3198000
08.06.2015,t3pa,7.38,2918000
09.06.2015,t3pa,7.48,2918000
11.06.2015,t3pa,7.58,2918000
12.06.2015,t3pa,7.52,3198000
15.06.2015,t3pa,7.54,2918000
16.06.2015,t3pa,7.48,2918000
18.06.2015,t3pa,7.45,2918000
19.06.2015,t3pa,7.41,3198000
22.06.2015,t3pa,7.43,2918000
23.06.2015,t3pa,7.45,2918000
25.06.2015,t3pa,7.52,2918000
26.06.2015,t3pa,7.5,3198000
29.06.2015,t3pa,7.36,2918000
30.06.2015,t3pa,7.36,2918000
02.07.2015,t3pa,7.42,2918000
03.07.2015,t3pa,7.42,3198000
06.07.2015,t3pa,7.33,2918000
07.07.2015,t3pa,7.35,2918000
09.07.2015,t3pa,7.43,2918000
10.07.2015,t3pa,7.52,3198000
13.07.2015,t3pa,7.64,2918000
14.07.2015,t3pa,7.72,2918000
16.07.2015,t3pa,7.69,2918000
17.07.2015,t3pa,7.6,3198000
20.07.2015,t3pa,7.76,2918000
21.07.2015,t3pa,7.92,2918000
23.07.2015,t3pa,8.04,2918000
24.07.2015,t3pa,8.01,3198000
27.07.2015,t3pa,7.98,2918000
28.07.2015,t3pa,7.95,2918000
29.07.2015,t3pa,8.03,2854000
30.07.2015,t3pa,8,2918000
31.07.2015,t3pa,7.82,3198000
03.08.2015,t3pa,7.91,1459000
04.08.2015,t3pa,7.94,1459000
06.08.2015,t3pa,7.83,1459000
07.08.2015,t3pa,7.79,1599000
10.08.2015,t3pa,7.78,1459000
11.08.2015,t3pa,7.95,1459000
13.08.2015,t3pa,8.18,1459000
14.08.2015,t3pa,8.15,1599000
17.08.2015,t3pa,8.26,1459000
18.08.2015,t3pa,8.17,1459000
20.08.2015,t3pa,8.31,1459000
21.08.2015,t3pa,8.31,1599000
24.08.2015,t3pa,8.08,1459000
25.08.2015,t3pa,8.22,1459000
27.08.2015,t3pa,8.07,1459000
28.08.2015,t3pa,8.04,1599000
01.09.2015,t3pa,7.98,2918000
03.09.2015,t3pa,8.06,2918000
04.09.2015,t3pa,8.06,3198000
07.09.2015,t3pa,8.02,2918000
08.09.2015,t3pa,8.09,2918000
10.09.2015,t3pa,8.25,2918000
11.09.2015,t3pa,8.22,3198000
14.09.2015,t3pa,8.21,2918000
15.09.2015,t3pa,8.17,2918000
17.09.2015,t3pa,8.18,2918000
18.09.2015,t3pa,8.16,3198000
21.09.2015,t3pa,8.04,2918000
22.09.2015,t3pa,7.98,2918000
23.09.2015,t3pa,8.04,2854000
24.09.2015,t3pa,7.99,2918000
25.09.2015,t3pa,7.94,3198000
28.09.2015,t3pa,7.92,2918000
29.09.2015,t3pa,7.87,2918000
01.10.2015,t3pa,8.2,2918000
02.10.2015,t3pa,8.1,3198000
05.10.2015,t3pa,8.16,2918000
06.10.2015,t3pa,8.16,2918000
08.10.2015,t3pa,8.11,2918000
09.10.2015,t3pa,8.16,3198000
12.10.2015,t3pa,8.26,2918000
13.10.2015,t3pa,8.3,2918000
15.10.2015,t3pa,8.46,2918000
16.10.2015,t3pa,8.37,3198000
19.10.2015,t3pa,8.35,2918000
20.10.2015,t3pa,8.32,2918000
22.10.2015,t3pa,8.44,2918000
23.10.2015,t3pa,8.52,3198000
26.10.2015,t3pa,8.55,2918000
27.10.2015,t3pa,8.63,2918000
29.10.2015,t3pa,8.59,2918000
30.10.2015,t3pa,8.59,3198000
02.11.2015,t3pa,8.54,2918000
03.11.2015,t3pa,8.58,2918000
05.11.2015,t3pa,8.4,2918000
06.11.2015,t3pa,8.45,3198000
09.11.2015,t3pa,8.35,2918000
10.11.2015,t3pa,8.28,2918000
12.11.2015,t3pa,8.36,2918000
13.11.2015,t3pa,8.34,3198000
16.11.2015,t3pa,8.43,2918000
17.11.2015,t3pa,8.49,2918000
18.11.2015,t3pa,8.51,2855500
19.11.2015,t3pa,8.57,2918000
20.11.2015,t3pa,8.59,3198000
23.11.2015,t3pa,8.46,2918000
24.11.2015,t3pa,8.63,2918000
26.11.2015,t3pa,8.61,2918000
27.11.2015,t3pa,8.54,3198000
30.11.2015,t3pa,8.55,2918000
01.12.2015,t3pa,8.52,2918000
03.12.2015,t3pa,8.44,2918000
04.12.2015,t3pa,8.56,3198000
07.12.2015,t3pa,8.42,2918000
08.12.2015,t3pa,8.33,2918000
10.12.2015,t3pa,8.32,2918000
11.12.2015,t3pa,7.98,3181500
14.12.2015,t3pa,7.92,2918000
15.12.2015,t3pa,8.05,2918000
17.12.2015,t3pa,8.12,2818500
11.01.2016,t3pa,7.45,3425000
12.01.2016,t3pa,7.04,3425000
14.01.2016,t3pa,7.05,3425000
15.01.2016,t3pa,6.71,3495000
18.01.2016,t3pa,6.52,3425000
19.01.2016,t3pa,6.81,3425000
21.01.2016,t3pa,6.04,3425000
22.01.2016,t3pa,6.33,3495000
25.01.2016,t3pa,5.93,3425000
26.01.2016,t3pa,5.8,3425000
28.01.2016,t3pa,6.02,3425000
29.01.2016,t3pa,6.06,3495000
01.02.2016,t3pa,5.75,3425000
02.02.2016,t3pa,5.57,3425000
03.02.2016,t3pa,5.7,3526000
04.02.2016,t3pa,5.55,3425000
05.02.2016,t3pa,5.55,3495000
08.02.2016,t3pa,5.25,3425000
09.02.2016,t3pa,5.19,3425000
11.02.2016,t3pa,4.65,3425000
12.02.2016,t3pa,4.94,3495000
15.02.2016,t3pa,4.97,3425000
16.02.2016,t3pa,4.78,3425000
18.02.2016,t3pa,5.22,3425000
19.02.2016,t3pa,5.26,3495000
22.02.2016,t3pa,5.2,3425000
23.02.2016,t3pa,5.14,3425000
25.02.2016,t3pa,4.78,3425000
26.02.2016,t3pa,5.08,3495000
29.02.2016,t3pa,4.85,3425000
01.03.2016,t3pa,4.9,3425000
02.03.2016,t3pa,4.8,3526000
03.03.2016,t3pa,4.88,3425000
04.03.2016,t3pa,4.8,3495000
07.03.2016,t3pa,4.95,3425000
08.03.2016,t3pa,5,3425000
10.03.2016,t3pa,5,3425000
11.03.2016,t3pa,5.01,3495000
14.03.2016,t3pa,4.92,3425000
15.03.2016,t3pa,4.81,3425000
17.03.2016,t3pa,4.92,3425000
18.03.2016,t3pa,4.92,3495000
21.03.2016,t3pa,4.86,3425000
22.03.2016,t3pa,4.8,3425000
24.03.2016,t3pa,4.76,3425000
29.03.2016,t3pa,4.75,3425000
30.03.2016,t3pa,4.77,3526000
31.03.2016,t3pa,4.97,3425000
01.04.2016,t3pa,5.18,3495000
04.04.2016,t3pa,5.08,3425000
05.04.2016,t3pa,5.26,3425000
07.04.2016,t3pa,5.23,3425000
08.04.2016,t3pa,5.23,3495000
11.04.2016,t3pa,5.42,3425000
12.04.2016,t3pa,5.63,3425000
14.04.2016,t3pa,5.47,3425000
15.04.2016,t3pa,5.54,3495000
18.04.2016,t3pa,5.38,3425000
19.04.2016,t3pa,5.47,3425000
21.04.2016,t3pa,5.58,3425000
22.04.2016,t3pa,5.74,3495000
25.04.2016,t3pa,5.92,3425000
26.04.2016,t3pa,6.08,3425000
27.04.2016,t3pa,6.94,3526000
28.04.2016,t3pa,6.64,3425000
29.04.2016,t3pa,6.29,3495000
03.05.2016,t3pa,5.88,3425000
06.05.2016,t3pa,6.13,3495000
09.05.2016,t3pa,5.96,3425000
10.05.2016,t3pa,5.65,3425000
12.05.2016,t3pa,6.04,3425000
13.05.2016,t3pa,5.75,3495000
17.05.2016,t3pa,5.94,3425000
19.05.2016,t3pa,5.87,3425000
20.05.2016,t3pa,5.95,3495000
23.05.2016,t3pa,5.85,3425000
24.05.2016,t3pa,5.73,3425000
27.05.2016,t3pa,5.9,3495000
31.05.2016,t3pa,6,3425000
02.06.2016,t3pa,5.96,3425000
03.06.2016,t3pa,5.96,3495000
06.06.2016,t3pa,6.05,3425000
07.06.2016,t3pa,6.14,3425000
09.06.2016,t3pa,6.05,3425000
10.06.2016,t3pa,5.93,3495000
13.06.2016,t3pa,5.83,3425000
14.06.2016,t3pa,5.78,3425000
16.06.2016,t3pa,5.82,3425000
17.06.2016,t3pa,5.68,3495000
20.06.2016,t3pa,5.76,3425000
21.06.2016,t3pa,5.68,3425000
22.06.2016,t3pa,5.55,4407500
23.06.2016,t3pa,5.6,3425000
24.06.2016,t3pa,4.96,3495000
27.06.2016,t3pa,4.86,3425000
28.06.2016,t3pa,4.8,3425000
30.06.2016,t3pa,4.47,3425000
01.07.2016,t3pa,4.35,3495000
04.07.2016,t3pa,4.77,3425000
05.07.2016,t3pa,4.86,3425000
07.07.2016,t3pa,4.7,3425000
08.07.2016,t3pa,4.45,3495000
11.07.2016,t3pa,4.45,3425000
12.07.2016,t3pa,4.53,3425000
14.07.2016,t3pa,4.79,3425000
15.07.2016,t3pa,4.65,3495000
18.07.2016,t3pa,4.97,3425000
19.07.2016,t3pa,4.75,3425000
20.07.2016,t3pa,4.65,4407500
21.07.2016,t3pa,4.7,3425000
22.07.2016,t3pa,4.6,3495000
25.07.2016,t3pa,4.56,3425000
26.07.2016,t3pa,4.51,3425000
28.07.2016,t3pa,4.58,3425000
29.07.2016,t3pa,4.38,3495000
01.08.2016,t3pa,4.38,1712500
02.08.2016,t3pa,4.32,1712500
04.08.2016,t3pa,4.6,1712500
05.08.2016,t3pa,4.75,1747500
08.08.2016,t3pa,4.79,1712500
09.08.2016,t3pa,4.87,1712500
11.08.2016,t3pa,4.75,1712500
12.08.2016,t3pa,4.86,1747500
16.08.2016,t3pa,4.78,1712500
17.08.2016,t3pa,4.65,2644500
18.08.2016,t3pa,4.55,1712500
19.08.2016,t3pa,4.71,1747500
26.08.2016,t3pa,4.71,1747500
02.09.2016,t3pa,4.32,3495000
05.09.2016,t3pa,4.02,3664000
06.09.2016,t3pa,3.94,3664000
08.09.2016,t3pa,4.02,3664000
09.09.2016,t3pa,4.07,3495000
12.09.2016,t3pa,3.94,3664000
13.09.2016,t3pa,3.97,3664000
15.09.2016,t3pa,3.94,3664000
16.09.2016,t3pa,4.26,3495000
19.09.2016,t3pa,4.23,3664000
20.09.2016,t3pa,4.3,3664000
22.09.2016,t3pa,4.33,3664000
23.09.2016,t3pa,4.38,3495000
26.09.2016,t3pa,4.5,3664000
27.09.2016,t3pa,4.51,3664000
29.09.2016,t3pa,5.06,3664000
30.09.2016,t3pa,5,3495000
04.10.2016,t3pa,5.17,3664000
06.10.2016,t3pa,5.68,3664000
07.10.2016,t3pa,5.62,3495000
10.10.2016,t3pa,5.53,3664000
11.10.2016,t3pa,5.58,3664000
13.10.2016,t3pa,5.59,3664000
14.10.2016,t3pa,5.65,3495000
17.10.2016,t3pa,5.84,3664000
18.10.2016,t3pa,5.89,3664000
20.10.2016,t3pa,5.7,3664000
21.10.2016,t3pa,5.58,3495000
24.10.2016,t3pa,5.92,3664000
25.10.2016,t3pa,5.78,3664000
27.10.2016,t3pa,5.9,3664000
28.10.2016,t3pa,5.7,3495000
31.10.2016,t3pa,5.76,3664000
03.11.2016,t3pa,6.35,3664000
04.11.2016,t3pa,6.54,3495000
07.11.2016,t3pa,6.46,3664000
08.11.2016,t3pa,6.1,3664000
10.11.2016,t3pa,5.95,3664000
11.11.2016,t3pa,5.85,3495000
14.11.2016,t3pa,5.54,3664000
15.11.2016,t3pa,5.55,3664000
17.11.2016,t3pa,5.6,3664000
18.11.2016,t3pa,5.73,3495000
21.11.2016,t3pa,5.44,3664000
22.11.2016,t3pa,5.42,3664000
24.11.2016,t3pa,5.29,3664000
25.11.2016,t3pa,5.05,3495000
28.11.2016,t3pa,4.8,3664000
29.11.2016,t3pa,4.56,3664000
01.12.2016,t3pa,4.44,3664000
02.12.2016,t3pa,4.32,3495000
05.12.2016,t3pa,4.16,3664000
06.12.2016,t3pa,4.15,3664000
08.12.2016,t3pa,4.23,3664000
09.12.2016,t3pa,4.48,3495000
12.12.2016,t3pa,4.65,3664000
13.12.2016,t3pa,4.82,3664000
15.12.2016,t3pa,4.96,3684500
16.12.2016,t3pa,4.59,3495500
09.01.2017,t3pa,5,4261500
10.01.2017,t3pa,5.6,4261500
12.01.2017,t3pa,5.3,4261500
13.01.2017,t3pa,5.06,4473000
16.01.2017,t3pa,4.96,4261500
17.01.2017,t3pa,4.8,4261500
19.01.2017,t3pa,4.88,4261500
20.01.2017,t3pa,5.16,4473000
23.01.2017,t3pa,5.34,4261500
24.01.2017,t3pa,5.23,4261500
26.01.2017,t3pa,4.93,4261500
27.01.2017,t3pa,5.05,4473000
30.01.2017,t3pa,4.99,4261500
31.01.2017,t3pa,5.2,4261500
02.02.2017,t3pa,5.24,4261500
03.02.2017,t3pa,5.22,4473000
06.02.2017,t3pa,5.08,4261500
07.02.2017,t3pa,5.08,4261500
09.02.2017,t3pa,5.25,4261500
10.02.2017,t3pa,5.3,4473000
13.02.2017,t3pa,5.07,4261500
14.02.2017,t3pa,4.95,4261500
16.02.2017,t3pa,4.96,4261500
17.02.2017,t3pa,4.85,4473000
20.02.2017,t3pa,5.05,4261500
21.02.2017,t3pa,5.09,4261500
23.02.2017,t3pa,5.17,4261500
24.02.2017,t3pa,5.31,4473000
27.02.2017,t3pa,5.28,4261500
28.02.2017,t3pa,5.15,4261500
02.03.2017,t3pa,5.74,4261500
03.03.2017,t3pa,5.55,4473000
06.03.2017,t3pa,5.47,4261500
07.03.2017,t3pa,5.43,4261500
09.03.2017,t3pa,5.16,4261500
10.03.2017,t3pa,5.08,4473000
13.03.2017,t3pa,5.11,4261500
14.03.2017,t3pa,5.16,4261500
16.03.2017,t3pa,5.07,4261500
17.03.2017,t3pa,5.13,4473000
20.03.2017,t3pa,5.05,4261500
21.03.2017,t3pa,4.93,4261500
23.03.2017,t3pa,4.98,4261500
24.03.2017,t3pa,4.88,4473000
27.03.2017,t3pa,4.67,4261500
28.03.2017,t3pa,4.63,4261500
29.03.2017,t3pa,4.71,5738500
30.03.2017,t3pa,4.63,4261500
31.03.2017,t3pa,4.85,4473000
03.04.2017,t3pa,4.7,4261500
04.04.2017,t3pa,4.78,4261500
06.04.2017,t3pa,4.86,4261500
07.04.2017,t3pa,5.06,4473000
10.04.2017,t3pa,4.84,4261500
11.04.2017,t3pa,4.77,4261500
12.04.2017,t3pa,4.84,4857000
13.04.2017,t3pa,4.93,4261500
18.04.2017,t3pa,4.85,4261500
20.04.2017,t3pa,4.76,4261500
21.04.2017,t3pa,4.73,4473000
24.04.2017,t3pa,4.7,4261500
25.04.2017,t3pa,4.62,4261500
26.04.2017,t3pa,4.49,4857000
27.04.2017,t3pa,4.57,4261500
28.04.2017,t3pa,4.52,4473000
02.05.2017,t3pa,4.48,4261500
04.05.2017,t3pa,4.35,4261500
05.05.2017,t3pa,4.52,4473000
08.05.2017,t3pa,4.45,4261500
09.05.2017,t3pa,4.37,4261500
10.05.2017,t3pa,4.49,4857000
11.05.2017,t3pa,4.37,4261500
12.05.2017,t3pa,4.26,4473000
15.05.2017,t3pa,4.41,4261500
16.05.2017,t3pa,4.45,4261500
18.05.2017,t3pa,4.68,4261500
19.05.2017,t3pa,4.77,4473000
22.05.2017,t3pa,4.87,4261500
23.05.2017,t3pa,4.88,4261500
24.05.2017,t3pa,4.81,4857000
30.05.2017,t3pa,5.1,4261500
01.06.2017,t3pa,5.05,4261500
02.06.2017,t3pa,5.07,4473000
06.06.2017,t3pa,5.16,4261500
07.06.2017,t3pa,4.97,4857000
08.06.2017,t3pa,4.96,4261500
09.06.2017,t3pa,4.98,4473000
12.06.2017,t3pa,5.03,4261500
13.06.2017,t3pa,4.99,4261500
19.06.2017,t3pa,4.84,4261500
20.06.2017,t3pa,4.99,4261500
21.06.2017,t3pa,4.95,4857000
22.06.2017,t3pa,4.81,4261500
23.06.2017,t3pa,4.87,4473000
26.06.2017,t3pa,4.84,4261500
27.06.2017,t3pa,4.8,4261500
29.06.2017,t3pa,5.05,4261500
30.06.2017,t3pa,5.02,4473000
03.07.2017,t3pa,4.98,4261500
04.07.2017,t3pa,5.06,4261500
05.07.2017,t3pa,5.1,4857000
06.07.2017,t3pa,5.07,4261500
07.07.2017,t3pa,5.24,4473000
10.07.2017,t3pa,5.5,4261500
11.07.2017,t3pa,5.37,4261500
13.07.2017,t3pa,5.46,4261500
14.07.2017,t3pa,5.27,4473000
17.07.2017,t3pa,5.4,4261500
18.07.2017,t3pa,5.46,4261500
19.07.2017,t3pa,5.39,4857000
20.07.2017,t3pa,5.35,4261500
21.07.2017,t3pa,5.23,4473000
24.07.2017,t3pa,5.04,4261500
25.07.2017,t3pa,5.12,4261500
27.07.2017,t3pa,5.2,4261500
28.07.2017,t3pa,5.06,4473000
31.07.2017,t3pa,5.23,4261500
01.08.2017,t3pa,5.6,2131500
02.08.2017,t3pa,5.29,2428500
03.08.2017,t3pa,5.38,2131500
04.08.2017,t3pa,5.33,2236500
07.08.2017,t3pa,5.24,2131500
08.08.2017,t3pa,5.26,2131500
10.08.2017,t3pa,5.4,2131500
11.08.2017,t3pa,5.35,2236500
14.08.2017,t3pa,5.41,2131500
16.08.2017,t3pa,5.62,2428500
17.08.2017,t3pa,5.9,2131500
18.08.2017,t3pa,5.8,2236500
21.08.2017,t3pa,5.81,2131500
22.08.2017,t3pa,5.75,2131500
24.08.2017,t3pa,5.98,2131500
25.08.2017,t3pa,5.93,2236500
29.08.2017,t3pa,6.07,2131500
30.08.2017,t3pa,6.02,2428500
31.08.2017,t3pa,5.91,2131500
01.09.2017,t3pa,5.88,4473000
04.09.2017,t3pa,5.8,4261500
05.09.2017,t3pa,6.04,4261500
08.09.2017,t3pa,6.9,4473000
11.09.2017,t3pa,6.8,5329500
12.09.2017,t3pa,6.65,5329500
13.09.2017,t3pa,6.95,4857000
14.09.2017,t3pa,7.42,5329500
15.09.2017,t3pa,6.96,4473000
18.09.2017,t3pa,6.85,5319000
19.09.2017,t3pa,6.95,4261500
21.09.2017,t3pa,6.68,4261500
22.09.2017,t3pa,6.5,4473000
25.09.2017,t3pa,6.8,4261500
26.09.2017,t3pa,6.97,4261500
27.09.2017,t3pa,6.75,4857000
28.09.2017,t3pa,6.83,4261500
29.09.2017,t3pa,7.09,4473000
02.10.2017,t3pa,7,4261500
05.10.2017,t3pa,6.92,4261500
06.10.2017,t3pa,6.77,4473000
09.10.2017,t3pa,6.92,4261500
10.10.2017,t3pa,6.9,4261500
11.10.2017,t3pa,7.4,4857000
12.10.2017,t3pa,7.37,4261500
13.10.2017,t3pa,7.3,4473000
16.10.2017,t3pa,7.25,4261500
17.10.2017,t3pa,7.45,4261500
19.10.2017,t3pa,7.86,4261500
20.10.2017,t3pa,7.56,4473000
23.10.2017,t3pa,7.43,4261500
24.10.2017,t3pa,7.41,4261500
25.10.2017,t3pa,7.41,4857000
26.10.2017,t3pa,7.46,4261500
27.10.2017,t3pa,7.25,4473000
30.10.2017,t3pa,7.15,4261500
31.10.2017,t3pa,7.11,4261500
02.11.2017,t3pa,7.52,4261500
06.11.2017,t3pa,7.91,4261500
07.11.2017,t3pa,7.89,4261500
08.11.2017,t3pa,7.62,4857000
09.11.2017,t3pa,7.79,4261500
10.11.2017,t3pa,7.35,5591500
13.11.2017,t3pa,7.26,4261500
14.11.2017,t3pa,7.26,4261500
16.11.2017,t3pa,7.68,4261500
17.11.2017,t3pa,7.43,5591500
20.11.2017,t3pa,7.32,4261500
21.11.2017,t3pa,7.51,4261500
22.11.2017,t3pa,7.46,4857000
23.11.2017,t3pa,7.37,4261500
24.11.2017,t3pa,7.7,5591000
27.11.2017,t3pa,7.69,4261500
28.11.2017,t3pa,7.59,4261500
30.11.2017,t3pa,7.6,4261500
01.12.2017,t3pa,7.5,5591000
04.12.2017,t3pa,7.63,4261500
05.12.2017,t3pa,7.49,4261500
06.12.2017,t3pa,7.38,4855000
07.12.2017,t3pa,7.23,4261500
08.12.2017,t3pa,7.24,4473000
11.12.2017,t3pa,7.1,4261500
12.12.2017,t3pa,7.37,4261500
14.12.2017,t3pa,6.96,4273000
15.12.2017,t3pa,7.07,4481000
08.01.2018,t3pa,7.83,4213000
09.01.2018,t3pa,7.68,4213000
11.01.2018,t3pa,7.89,4213000
12.01.2018,t3pa,7.79,4360000
15.01.2018,t3pa,7.72,4213000
16.01.2018,t3pa,7.77,4213000
17.01.2018,t3pa,7.99,3547000
18.01.2018,t3pa,8.26,4213000
19.01.2018,t3pa,8.6,4360000
22.01.2018,t3pa,8.7,4213000
23.01.2018,t3pa,8.88,4213000
25.01.2018,t3pa,9.34,4213000
26.01.2018,t3pa,9.02,4360000
29.01.2018,t3pa,9.06,4213000
30.01.2018,t3pa,8.86,4213000
31.01.2018,t3pa,8.78,3547000
01.02.2018,t3pa,9.37,4213000
02.02.2018,t3pa,9.04,4360000
05.02.2018,t3pa,8.66,4213000
06.02.2018,t3pa,8.84,4213000
08.02.2018,t3pa,8.93,4213000
09.02.2018,t3pa,8.97,4360000
12.02.2018,t3pa,9.08,4213000
13.02.2018,t3pa,9.53,4213000
14.02.2018,t3pa,9.88,3547000
15.02.2018,t3pa,9.64,4213000
16.02.2018,t3pa,9.53,4360000
19.02.2018,t3pa,9.58,4213000
20.02.2018,t3pa,9.7,4213000
22.02.2018,t3pa,9.56,4213000
23.02.2018,t3pa,9.68,4360000
26.02.2018,t3pa,9.56,4213000
27.02.2018,t3pa,9.54,4213000
28.02.2018,t3pa,9.99,3547000
01.03.2018,t3pa,9.92,4213000
02.03.2018,t3pa,9.89,4360000
05.03.2018,t3pa,10.05,4213000
06.03.2018,t3pa,10.28,4213000
08.03.2018,t3pa,10.77,4213000
09.03.2018,t3pa,11.1,4360000
12.03.2018,t3pa,11.32,4213000
13.03.2018,t3pa,11.03,4213000
14.03.2018,t3pa,11.25,3547000
15.03.2018,t3pa,11.09,4213000
16.03.2018,t3pa,10.97,4360000
19.03.2018,t3pa,10.96,4213000
20.03.2018,t3pa,11.17,4213000
22.03.2018,t3pa,12.54,4213000
23.03.2018,t3pa,12.37,4360000
26.03.2018,t3pa,12.8,4213000
27.03.2018,t3pa,13.26,4213000
28.03.2018,t3pa,14.05,3547000
03.04.2018,t3pa,12.9,5271500
05.04.2018,t3pa,12.65,5267000
06.04.2018,t3pa,12.68,4360000
09.04.2018,t3pa,12.96,5264500
10.04.2018,t3pa,13.1,5262000
11.04.2018,t3pa,13.55,3547000
12.04.2018,t3pa,13.15,4213000
13.04.2018,t3pa,13.8,4360000
16.04.2018,t3pa,13.84,4213000
17.04.2018,t3pa,13.82,4213000
19.04.2018,t3pa,13.99,4213000
20.04.2018,t3pa,13.05,4360000
23.04.2018,t3pa,12.75,4213000
24.04.2018,t3pa,12.73,4213000
25.04.2018,t3pa,13.09,3547000
26.04.2018,t3pa,13.39,4213000
27.04.2018,t3pa,13.28,4360000
30.04.2018,t3pa,13.35,4213000
03.05.2018,t3pa,12.77,4213000
04.05.2018,t3pa,12.78,4360000
08.05.2018,t3pa,13.51,4213000
09.05.2018,t3pa,13.92,3547000
14.05.2018,t3pa,14.2,4213000
15.05.2018,t3pa,14.7,4213000
17.05.2018,t3pa,15.05,4213000
18.05.2018,t3pa,15.2,4360000
22.05.2018,t3pa,15.88,4213000
23.05.2018,t3pa,15.81,3547000
24.05.2018,t3pa,16.23,4213000
25.05.2018,t3pa,15.89,4360000
29.05.2018,t3pa,16.25,4213000
31.05.2018,t3pa,15.4,4213000
01.06.2018,t3pa,14.9,4360000
04.06.2018,t3pa,15.28,4213000
05.06.2018,t3pa,16.35,4213000
06.06.2018,t3pa,15.7,3547000
07.06.2018,t3pa,16.14,4213000
08.06.2018,t3pa,15.78,4360000
11.06.2018,t3pa,15.7,4213000
12.06.2018,t3pa,15.08,4213000
14.06.2018,t3pa,15.44,4213000
15.06.2018,t3pa,14.62,4360000
18.06.2018,t3pa,14.52,4213000
19.06.2018,t3pa,14.35,4213000
20.06.2018,t3pa,14.43,3547000
21.06.2018,t3pa,14.2,4213000
22.06.2018,t3pa,14.78,4360000
25.06.2018,t3pa,15.03,4213000
26.06.2018,t3pa,14.86,4213000
28.06.2018,t3pa,15.22,4213000
29.06.2018,t3pa,14.85,4360000
02.07.2018,t3pa,14.95,4213000
03.07.2018,t3pa,15.15,4213000
04.07.2018,t3pa,15.35,3547000
05.07.2018,t3pa,15.4,4213000
06.07.2018,t3pa,15.55,4360000
09.07.2018,t3pa,15.85,4213000
10.07.2018,t3pa,16.15,4213000
12.07.2018,t3pa,16.22,4213000
13.07.2018,t3pa,15.8,4360000
16.07.2018,t3pa,16.14,4213000
17.07.2018,t3pa,15.87,4213000
18.07.2018,t3pa,16.17,3547000
19.07.2018,t3pa,16.46,4213000
20.07.2018,t3pa,16.9,4360000
23.07.2018,t3pa,17.2,4213000
24.07.2018,t3pa,17.45,4213000
26.07.2018,t3pa,16.99,4213000
27.07.2018,t3pa,16.91,4360000
30.07.2018,t3pa,16.9,4213000
31.07.2018,t3pa,16.87,4213000
01.08.2018,t3pa,17.38,1773500
02.08.2018,t3pa,17.58,2104000
03.08.2018,t3pa,17.62,2180000
06.08.2018,t3pa,17.62,2104000
07.08.2018,t3pa,17.47,2104000
09.08.2018,t3pa,17.47,2104000
10.08.2018,t3pa,17.72,2180000
13.08.2018,t3pa,17.93,2104000
14.08.2018,t3pa,18.03,2104000
16.08.2018,t3pa,18,2104000
17.08.2018,t3pa,18.1,2180000
20.08.2018,t3pa,18.2,2104000
21.08.2018,t3pa,18.55,2104000
23.08.2018,t3pa,20.05,2104000
24.08.2018,t3pa,20.55,2180000
28.08.2018,t3pa,21.3,2104000
29.08.2018,t3pa,20.9,1773500
30.08.2018,t3pa,21.09,2104000
31.08.2018,t3pa,21.11,2180000
03.09.2018,t3pa,20.45,4213000
04.09.2018,t3pa,20.5,4213000
07.09.2018,t3pa,22.51,4360000
10.09.2018,t3pa,24.85,4213000
11.09.2018,t3pa,24.15,4213000
12.09.2018,t3pa,23.55,3547000
13.09.2018,t3pa,21.9,4213000
14.09.2018,t3pa,19.51,4360000
17.09.2018,t3pa,20.6,4213000
18.09.2018,t3pa,20.75,4213000
20.09.2018,t3pa,21.8,4213000
24.09.2018,t3pa,22.39,4213000
25.09.2018,t3pa,21.9,4213000
26.09.2018,t3pa,20.4,3547000
27.09.2018,t3pa,19.87,4213000
28.09.2018,t3pa,20.3,5450000
01.10.2018,t3pa,20.7,4213000
02.10.2018,t3pa,21.45,4213000
04.10.2018,t3pa,21.15,4213000
05.10.2018,t3pa,21.14,5450000
08.10.2018,t3pa,22.09,4213000
09.10.2018,t3pa,21.32,4213000
10.10.2018,t3pa,20.7,3547000
11.10.2018,t3pa,18.57,4213000
12.10.2018,t3pa,19.95,5450000
15.10.2018,t3pa,20.03,4213000
16.10.2018,t3pa,17.9,4213000
18.10.2018,t3pa,18.53,4213000
19.10.2018,t3pa,19.17,5450000
22.10.2018,t3pa,19.1,4213000
23.10.2018,t3pa,18.5,4213000
24.10.2018,t3pa,19.1,3547000
25.10.2018,t3pa,18.72,4213000
26.10.2018,t3pa,18.98,4360000
29.10.2018,t3pa,17.91,4213000
30.10.2018,t3pa,16.87,4213000
01.11.2018,t3pa,15.85,4213000
02.11.2018,t3pa,16.15,4360000
05.11.2018,t3pa,16.4,4213000
06.11.2018,t3pa,16.99,4213000
07.11.2018,t3pa,18.25,3547000
08.11.2018,t3pa,19.56,4213000
09.11.2018,t3pa,19.25,4360000
12.11.2018,t3pa,20.01,4213000
13.11.2018,t3pa,19.76,4213000
15.11.2018,t3pa,18.46,4213000
19.11.2018,t3pa,18.43,4213000
20.11.2018,t3pa,19.4,4213000
21.11.2018,t3pa,19.84,3547000
22.11.2018,t3pa,20.3,4213000
26.11.2018,t3pa,19.71,4213000
27.11.2018,t3pa,19.77,4213000
29.11.2018,t3pa,19.35,4213000
03.12.2018,t3pa,20.52,4213000
04.12.2018,t3pa,20.35,4213000
05.12.2018,t3pa,20.21,3543000
06.12.2018,t3pa,18.55,4213000
10.12.2018,t3pa,19.77,4213000
11.12.2018,t3pa,20.77,4213000
13.12.2018,t3pa,21.88,4213000
17.12.2018,t3pa,23.4,4148000
07.01.2019,t3pa,23.01,2495000
08.01.2019,t3pa,22.4,2495000
10.01.2019,t3pa,21.4,2495000
14.01.2019,t3pa,21.95,2495000
15.01.2019,t3pa,22.55,2495000
16.01.2019,t3pa,22.72,4428500
17.01.2019,t3pa,23.55,2495000
21.01.2019,t3pa,24.22,2495000
22.01.2019,t3pa,24.42,2495000
24.01.2019,t3pa,24.6,2495000
28.01.2019,t3pa,23.01,2495000
29.01.2019,t3pa,22.43,2495000
30.01.2019,t3pa,22.91,4428500
31.01.2019,t3pa,22.3,2495000
01.02.2019,t3pa,21.38,3209000
04.02.2019,t3pa,21.38,2495000
05.02.2019,t3pa,22.93,2495000
07.02.2019,t3pa,23.8,2495000
08.02.2019,t3pa,23.28,3209000
11.02.2019,t3pa,21.8,2495000
12.02.2019,t3pa,21.71,2495000
13.02.2019,t3pa,20.01,4428500
14.02.2019,t3pa,20.86,2495000
15.02.2019,t3pa,19.99,3209000
18.02.2019,t3pa,20.14,2495000
19.02.2019,t3pa,20.26,2495000
21.02.2019,t3pa,19.85,2495000
22.02.2019,t3pa,18.35,3209000
25.02.2019,t3pa,18.62,2495000
26.02.2019,t3pa,19.6,2495000
27.02.2019,t3pa,20.31,4428500
28.02.2019,t3pa,20.9,2495000
01.03.2019,t3pa,21.31,3209000
04.03.2019,t3pa,22.12,2495000
05.03.2019,t3pa,22.86,2495000
07.03.2019,t3pa,22.03,2495000
08.03.2019,t3pa,22.88,3209000
11.03.2019,t3pa,22.6,2495000
12.03.2019,t3pa,22.48,2495000
13.03.2019,t3pa,21.99,4428500
14.03.2019,t3pa,22.23,2495000
15.03.2019,t3pa,22.77,3209000
18.03.2019,t3pa,21.5,2495000
19.03.2019,t3pa,21.35,2495000
21.03.2019,t3pa,21.1,2495000
22.03.2019,t3pa,20.64,3209000
25.03.2019,t3pa,20.6,2495000
26.03.2019,t3pa,21.17,2495000
27.03.2019,t3pa,21.45,4428500
28.03.2019,t3pa,21.55,2495000
29.03.2019,t3pa,21.83,3209000
01.04.2019,t3pa,21.06,2495000
02.04.2019,t3pa,21.4,2495000
04.04.2019,t3pa,23.65,2495000
05.04.2019,t3pa,24.17,3209000
08.04.2019,t3pa,24.07,2495000
09.04.2019,t3pa,25.2,2495000
10.04.2019,t3pa,26.21,4428500
11.04.2019,t3pa,25.88,2495000
12.04.2019,t3pa,26.72,3209000
15.04.2019,t3pa,27,2495000
16.04.2019,t3pa,26.8,2495000
18.04.2019,t3pa,26.92,2495000
23.04.2019,t3pa,27.17,2495000
24.04.2019,t3pa,27.02,4428500
25.04.2019,t3pa,27.46,2495000
26.04.2019,t3pa,26.79,3209000
29.04.2019,t3pa,25.81,2495000
30.04.2019,t3pa,25.85,2495000
02.05.2019,t3pa,25.04,2495000
03.05.2019,t3pa,24.32,3209000
07.05.2019,t3pa,25.65,2495000
08.05.2019,t3pa,25.82,4428500
09.05.2019,t3pa,26.81,2495000
10.05.2019,t3pa,26.35,3209000
13.05.2019,t3pa,25.25,2495000
14.05.2019,t3pa,25.03,2495000
16.05.2019,t3pa,25.81,2495000
17.05.2019,t3pa,25.01,3209000
20.05.2019,t3pa,24.91,2495000
21.05.2019,t3pa,25.01,2495000
22.05.2019,t3pa,25.4,4428500
23.05.2019,t3pa,26.05,2495000
24.05.2019,t3pa,25.61,3209000
28.05.2019,t3pa,25.3,2495000
03.06.2019,t3pa,23.96,2775500
04.06.2019,t3pa,23.86,2775500
05.06.2019,t3pa,24.42,4428500
06.06.2019,t3pa,24.07,2775500
07.06.2019,t3pa,24.24,3209000
11.06.2019,t3pa,25.12,2775500
13.06.2019,t3pa,24.92,2775500
14.06.2019,t3pa,24.67,3209000
17.06.2019,t3pa,24.78,2775500
18.06.2019,t3pa,24.98,2775500
19.06.2019,t3pa,24.98,4428500
20.06.2019,t3pa,24.86,2775500
21.06.2019,t3pa,24.87,3209000
24.06.2019,t3pa,25.64,2775500
27.06.2019,t3pa,27.1,3469000
28.06.2019,t3pa,26.4,3209000
01.07.2019,t3pa,26.72,3469000
02.07.2019,t3pa,27.22,3469000
03.07.2019,t3pa,26.33,4428500
04.07.2019,t3pa,26.22,3470500
05.07.2019,t3pa,25.84,3209000
08.07.2019,t3pa,26.6,2775500
09.07.2019,t3pa,26.68,2775500
11.07.2019,t3pa,28.5,2775500
12.07.2019,t3pa,28.25,3209000
15.07.2019,t3pa,29.15,2775500
16.07.2019,t3pa,29.1,2775000
17.07.2019,t3pa,27.97,4428500
18.07.2019,t3pa,27.99,2775000
19.07.2019,t3pa,28.15,3209000
22.07.2019,t3pa,28.96,2775000
23.07.2019,t3pa,29.05,2775000
25.07.2019,t3pa,29.46,2775000
26.07.2019,t3pa,28.51,3209000
29.07.2019,t3pa,28.8,2775000
30.07.2019,t3pa,28.18,2775000
31.07.2019,t3pa,28.04,4428500
01.08.2019,t3pa,28.9,1387500
02.08.2019,t3pa,29.1,1604500
05.08.2019,t3pa,28.82,1387500
06.08.2019,t3pa,28.48,1387500
08.08.2019,t3pa,28.68,1387500
09.08.2019,t3pa,28.37,1604500
12.08.2019,t3pa,27.7,1387500
13.08.2019,t3pa,27.1,1387500
14.08.2019,t3pa,27.15,2214500
15.08.2019,t3pa,26.41,1387500
16.08.2019,t3pa,26.12,1604500
19.08.2019,t3pa,26.25,1387500
20.08.2019,t3pa,26.94,1387500
22.08.2019,t3pa,25.78,1387500
23.08.2019,t3pa,25.33,1604500
27.08.2019,t3pa,25.25,1387500
28.08.2019,t3pa,26,2214500
29.08.2019,t3pa,25.93,1505500
30.08.2019,t3pa,26.8,1604500
02.09.2019,t3pa,25.4,2744500
03.09.2019,t3pa,24.82,2744500
06.09.2019,t3pa,25.46,2834500
09.09.2019,t3pa,25.01,2744500
10.09.2019,t3pa,25.5,2744500
11.09.2019,t3pa,26.68,4714500
12.09.2019,t3pa,26.55,2744500
13.09.2019,t3pa,26.22,2834500
16.09.2019,t3pa,26.58,2744500
17.09.2019,t3pa,26.75,2744500
19.09.2019,t3pa,25.56,2744500
20.09.2019,t3pa,26.17,2834500
23.09.2019,t3pa,25.93,2744500
24.09.2019,t3pa,25.59,2744500
25.09.2019,t3pa,25.17,4714500
26.09.2019,t3pa,25.21,2744500
27.09.2019,t3pa,25.3,2834500
30.09.2019,t3pa,25.03,2744500
01.10.2019,t3pa,24.4,2744500
03.10.2019,t3pa,24.03,2744500
04.10.2019,t3pa,23.41,2834500
07.10.2019,t3pa,22.77,2744500
08.10.2019,t3pa,23.37,2744500
09.10.2019,t3pa,22.16,4714500
10.10.2019,t3pa,22.83,2744500
11.10.2019,t3pa,23.62,2834500
14.10.2019,t3pa,23.82,2744500
15.10.2019,t3pa,24.48,2744500
17.10.2019,t3pa,25.96,2744500
18.10.2019,t3pa,25.64,2834500
21.10.2019,t3pa,25.9,2744500
22.10.2019,t3pa,25.7,2744500
23.10.2019,t3pa,25.09,4714500
24.10.2019,t3pa,24.61,2744500
25.10.2019,t3pa,24.86,2834500
28.10.2019,t3pa,24.68,2744000
29.10.2019,t3pa,25.4,2744000
31.10.2019,t3pa,25.95,2744000
01.11.2019,t3pa,25.71,2834500
04.11.2019,t3pa,24.93,2744000
05.11.2019,t3pa,25.8,2744000
06.11.2019,t3pa,25.1,4714500
07.11.2019,t3pa,24.86,2744000
08.11.2019,t3pa,24.62,2834500
11.11.2019,t3pa,25.21,2744000
12.11.2019,t3pa,24.95,2744000
14.11.2019,t3pa,24.28,2744000
15.11.2019,t3pa,23.41,2834500
18.11.2019,t3pa,23.41,2744000
19.11.2019,t3pa,23.62,2744000
20.11.2019,t3pa,23.34,4714500
21.11.2019,t3pa,23.96,2744000
22.11.2019,t3pa,24.32,2834500
25.11.2019,t3pa,24.52,2744000
26.11.2019,t3pa,24.29,2744000
28.11.2019,t3pa,24.91,2744000
29.11.2019,t3pa,25.03,2834500
02.12.2019,t3pa,24.62,2744000
03.12.2019,t3pa,24.41,2744000
04.12.2019,t3pa,24.1,4717500
05.12.2019,t3pa,24.5,2744000
06.12.2019,t3pa,24.7,2834500
09.12.2019,t3pa,24.4,2744000
10.12.2019,t3pa,24.98,2744000
12.12.2019,t3pa,24.62,2744000
13.12.2019,t3pa,25.33,2840000
16.12.2019,t3pa,24.21,3013000
07.01.2020,t3pa,24.06,2717500
09.01.2020,t3pa,24.01,2717500
10.01.2020,t3pa,24.48,2363000
13.01.2020,t3pa,24.03,2717500
14.01.2020,t3pa,23.74,2717500
15.01.2020,t3pa,24.2,5332000
16.01.2020,t3pa,24.85,2717500
17.01.2020,t3pa,25.01,2363000
20.01.2020,t3pa,25.6,2717500
21.01.2020,t3pa,25.1,2717500
23.01.2020,t3pa,24.65,2717500
24.01.2020,t3pa,24.48,2363000
27.01.2020,t3pa,24.04,2717500
28.01.2020,t3pa,24.55,2717500
29.01.2020,t3pa,24.04,5332000
30.01.2020,t3pa,23.74,2717500
31.01.2020,t3pa,23.48,2363000
03.02.2020,t3pa,23.2,2717500
04.02.2020,t3pa,23.33,2717500
06.02.2020,t3pa,23.4,2717500
07.02.2020,t3pa,23.17,2363000
10.02.2020,t3pa,22.91,2717500
11.02.2020,t3pa,23.15,2717500
12.02.2020,t3pa,23.35,5332000
13.02.2020,t3pa,23.52,2717500
14.02.2020,t3pa,24.27,2363000
17.02.2020,t3pa,24.11,2717500
18.02.2020,t3pa,24.8,2717500
20.02.2020,t3pa,25.5,2717500
21.02.2020,t3pa,25.15,2363000
24.02.2020,t3pa,24.64,2717500
25.02.2020,t3pa,24.32,2717500
26.02.2020,t3pa,23.85,5332000
27.02.2020,t3pa,23.8,2717500
28.02.2020,t3pa,23.46,2363000
02.03.2020,t3pa,23.96,2717500
03.03.2020,t3pa,23.26,2717500
05.03.2020,t3pa,23.9,2717500
06.03.2020,t3pa,23.36,2363000
09.03.2020,t3pa,22.65,2717500
10.03.2020,t3pa,23.76,2717500
11.03.2020,t3pa,23.63,5332000
12.03.2020,t3pa,22.85,2717500
13.03.2020,t3pa,22.78,2363000
16.03.2020,t3pa,20.64,2717500
19.03.2020,t3pa,16.03,3396500
20.03.2020,t3pa,16.35,2363000
23.03.2020,t3pa,14.6,3396500
24.03.2020,t3pa,16.25,3396500
25.03.2020,t3pa,16.95,5332000
26.03.2020,t3pa,16.3,3398000
27.03.2020,t3pa,16.55,2363000
30.03.2020,t3pa,16.32,2717500
31.03.2020,t3pa,17.4,2717500
02.04.2020,t3pa,17.52,2717500
03.04.2020,t3pa,17.9,2363000
06.04.2020,t3pa,18.36,2717500
07.04.2020,t3pa,21.11,2717500
08.04.2020,t3pa,20.07,5332000
09.04.2020,t3pa,21.4,2717500
14.04.2020,t3pa,20.17,2717500
16.04.2020,t3pa,20.1,2717500
17.04.2020,t3pa,21.87,2363000
20.04.2020,t3pa,21.24,2717000
21.04.2020,t3pa,20.4,2717000
22.04.2020,t3pa,19.75,5332000
23.04.2020,t3pa,20.24,2717000
24.04.2020,t3pa,20.49,2363000
27.04.2020,t3pa,20.4,2717000
28.04.2020,t3pa,19.99,2717000
30.04.2020,t3pa,19.97,2717000
05.05.2020,t3pa,19.01,2717000
06.05.2020,t3pa,18.85,5332000
07.05.2020,t3pa,19,2717000
08.05.2020,t3pa,19.38,2363000
11.05.2020,t3pa,18.81,2717000
12.05.2020,t3pa,18.72,2717000
14.05.2020,t3pa,18.37,2717000
15.05.2020,t3pa,19.02,2363000
18.05.2020,t3pa,19.3,2717000
19.05.2020,t3pa,20.02,2717000
20.05.2020,t3pa,20.11,5332000
26.05.2020,t3pa,21.45,2717000
28.05.2020,t3pa,20.95,2717000
29.05.2020,t3pa,21.7,2363000
02.06.2020,t3pa,21.15,2717000
03.06.2020,t3pa,21.98,5332000
04.06.2020,t3pa,21.77,2717000
05.06.2020,t3pa,22.5,2363000
08.06.2020,t3pa,22.66,2717000
09.06.2020,t3pa,22.3,2717000
11.06.2020,t3pa,22.2,2717000
12.06.2020,t3pa,22.15,2363000
15.06.2020,t3pa,21.8,2717000
16.06.2020,t3pa,22.87,2717000
17.06.2020,t3pa,22.81,5332000
18.06.2020,t3pa,23.63,2717000
19.06.2020,t3pa,24.18,2363000
22.06.2020,t3pa,24.15,2717000
23.06.2020,t3pa,24.85,2717000
25.06.2020,t3pa,25.15,2717000
26.06.2020,t3pa,24.9,2363000
29.06.2020,t3pa,24.74,2717000
30.06.2020,t3pa,25.99,2717000
01.07.2020,t3pa,26.88,5332000
02.07.2020,t3pa,27.25,2717000
03.07.2020,t3pa,27,2363000
06.07.2020,t3pa,28.86,2717000
07.07.2020,t3pa,29.34,2717000
09.07.2020,t3pa,28.48,2717000
10.07.2020,t3pa,27.66,2363000
13.07.2020,t3pa,30.04,2717000
14.07.2020,t3pa,29.2,2717000
15.07.2020,t3pa,29.81,5332000
16.07.2020,t3pa,28.13,3594000
17.07.2020,t3pa,26.85,2363000
20.07.2020,t3pa,26.85,3594000
21.07.2020,t3pa,26.34,3594000
23.07.2020,t3pa,26.76,3594000
24.07.2020,t3pa,26.57,2363000
27.07.2020,t3pa,25.53,3594000
28.07.2020,t3pa,25.03,3594000
29.07.2020,t3pa,25.96,5332000
30.07.2020,t3pa,25.34,3594000
31.07.2020,t3pa,26.3,2363000
03.08.2020,t3pa,25.81,1797000
04.08.2020,t3pa,25.95,1797000
06.08.2020,t3pa,26.95,1797000
07.08.2020,t3pa,26.16,1181500
10.08.2020,t3pa,26.92,1797000
11.08.2020,t3pa,26.71,1797000
12.08.2020,t3pa,25.55,2666000
13.08.2020,t3pa,25.94,1797000
14.08.2020,t3pa,25.25,1181500
17.08.2020,t3pa,25.42,1797000
18.08.2020,t3pa,26.05,1797000
20.08.2020,t3pa,25.7,1797000
21.08.2020,t3pa,25.36,1181500
24.08.2020,t3pa,26.6,1797000
25.08.2020,t3pa,27.33,1797000
26.08.2020,t3pa,28.42,2668500
27.08.2020,t3pa,28.03,1901000
28.08.2020,t3pa,29.5,1187000
01.09.2020,t3pa,28.28,3952000
04.09.2020,t3pa,28.8,2593000
07.09.2020,t3pa,26.9,3952000
08.09.2020,t3pa,27.25,3952000
09.09.2020,t3pa,26.45,6398500
10.09.2020,t3pa,27.46,3952000
11.09.2020,t3pa,28.05,2593000
14.09.2020,t3pa,28.66,3952000
15.09.2020,t3pa,29.99,3952000
17.09.2020,t3pa,29.1,3952000
18.09.2020,t3pa,28.36,2593000
21.09.2020,t3pa,27.12,3952000
22.09.2020,t3pa,26.75,3952000
23.09.2020,t3pa,27.31,6398500
24.09.2020,t3pa,26.28,3952000
25.09.2020,t3pa,26.2,2593000
28.09.2020,t3pa,26.28,3952000
29.09.2020,t3pa,27.09,3952000
01.10.2020,t3pa,26.41,3952000
02.10.2020,t3pa,26.11,2593000
05.10.2020,t3pa,26.79,3952000
06.10.2020,t3pa,26.68,3952000
07.10.2020,t3pa,27.43,6398500
08.10.2020,t3pa,26.4,3952000
09.10.2020,t3pa,26,2593000
12.10.2020,t3pa,25.54,3952000
13.10.2020,t3pa,25.3,3952000
15.10.2020,t3pa,25.15,3952000
16.10.2020,t3pa,25.46,2593000
19.10.2020,t3pa,24.85,3952000
20.10.2020,t3pa,24.44,3952000
21.10.2020,t3pa,23.96,6398500
22.10.2020,t3pa,23.6,3952000
23.10.2020,t3pa,24.92,2593000
26.10.2020,t3pa,24.33,3952000
27.10.2020,t3pa,23.55,3952000
29.10.2020,t3pa,23.07,3951500
30.10.2020,t3pa,23.45,2593000
02.11.2020,t3pa,23.02,3951500
03.11.2020,t3pa,24.4,3951500
04.11.2020,t3pa,23.99,6398500
05.11.2020,t3pa,25.55,3951500
06.11.2020,t3pa,25.2,2593000
09.11.2020,t3pa,25.41,3951500
10.11.2020,t3pa,26.47,3951500
12.11.2020,t3pa,25.9,3951500
13.11.2020,t3pa,26.31,2593000
16.11.2020,t3pa,26.67,3951500
17.11.2020,t3pa,27.12,3951500
18.11.2020,t3pa,27.42,6398500
19.11.2020,t3pa,26.72,3951500
20.11.2020,t3pa,26.8,2593000
23.11.2020,t3pa,27.25,3951500
24.11.2020,t3pa,26.97,3951500
26.11.2020,t3pa,27.77,3951500
27.11.2020,t3pa,28.23,2593000
30.11.2020,t3pa,28.82,3951500
01.12.2020,t3pa,29.24,3951500
02.12.2020,t3pa,28.9,6398500
03.12.2020,t3pa,29.1,3951500
04.12.2020,t3pa,30,2593000
07.12.2020,t3pa,29.49,3951500
08.12.2020,t3pa,29.69,3951500
10.12.2020,t3pa,30.04,3951500
11.12.2020,t3pa,30.45,2598500
14.12.2020,t3pa,30.92,3959500
29.01.2021,t3pa,33.51,2651000
01.02.2021,t3pa,32.66,3288500
02.02.2021,t3pa,33.2,3288500
03.02.2021,t3pa,38,2575000
04.02.2021,t3pa,36.51,3288500
05.02.2021,t3pa,37.61,2651000
08.02.2021,t3pa,38.62,3288500
09.02.2021,t3pa,37.58,3288500
10.02.2021,t3pa,37.7,2575000
11.02.2021,t3pa,39.62,3288500
12.02.2021,t3pa,37.8,2651000
15.02.2021,t3pa,39.82,3288500
16.02.2021,t3pa,40.19,3288500
17.02.2021,t3pa,38.42,2575000
18.02.2021,t3pa,38.01,3288500
19.02.2021,t3pa,38.36,2651000
22.02.2021,t3pa,36.84,3288500
23.02.2021,t3pa,37.5,3288500
24.02.2021,t3pa,38.42,2575000
25.02.2021,t3pa,38.88,3288500
26.02.2021,t3pa,37.51,2651000
01.03.2021,t3pa,37.66,3288500
02.03.2021,t3pa,37.25,3288500
03.03.2021,t3pa,37.56,2575000
04.03.2021,t3pa,36.9,3288500
05.03.2021,t3pa,38.08,2651000
08.03.2021,t3pa,38.41,3288500
09.03.2021,t3pa,39.4,3288500
10.03.2021,t3pa,41,2575000
11.03.2021,t3pa,40.92,3288500
12.03.2021,t3pa,41.52,2651000
15.03.2021,t3pa,42.84,3288500
16.03.2021,t3pa,41.92,3288500
17.03.2021,t3pa,41.52,2575000
18.03.2021,t3pa,43.35,3288500
19.03.2021,t3pa,41.91,2651000
22.03.2021,t3pa,41.8,3288500
23.03.2021,t3pa,41.77,3288500
24.03.2021,t3pa,40.94,2575000
25.03.2021,t3pa,40.69,3290000
26.03.2021,t3pa,40.86,2651000
29.03.2021,t3pa,40.71,3288500
30.03.2021,t3pa,42.25,3288500
31.03.2021,t3pa,42.26,2575000
01.04.2021,t3pa,42.04,3288500
06.04.2021,t3pa,43.05,3288500
07.04.2021,t3pa,43.63,2575000
08.04.2021,t3pa,43.45,3288500
09.04.2021,t3pa,43.18,2651000
12.04.2021,t3pa,43.86,3288500
13.04.2021,t3pa,44.1,3288500
14.04.2021,t3pa,43.9,2575000
15.04.2021,t3pa,43.99,3288500
16.04.2021,t3pa,44.5,2651000
19.04.2021,t3pa,44.66,3288500
20.04.2021,t3pa,44.2,3288500
21.04.2021,t3pa,44.85,2575000
22.04.2021,t3pa,46.6,3288500
23.04.2021,t3pa,46.41,2651000
26.04.2021,t3pa,47.24,3288500
27.04.2021,t3pa,46.55,3288500
28.04.2021,t3pa,48,2575000
29.04.2021,t3pa,47.25,3288500
30.04.2021,t3pa,47.68,2651000
04.05.2021,t3pa,49.33,3288500
05.05.2021,t3pa,48.62,2575000
06.05.2021,t3pa,49.45,3288500
07.05.2021,t3pa,49.46,2651000
10.05.2021,t3pa,51.81,3288500
11.05.2021,t3pa,51.59,3288500
12.05.2021,t3pa,53.95,2575000
17.05.2021,t3pa,55.57,3288500
18.05.2021,t3pa,55.53,3288500
19.05.2021,t3pa,52.12,2575000
20.05.2021,t3pa,50.84,3288500
21.05.2021,t3pa,52.71,2651000
25.05.2021,t3pa,53.09,3288500
26.05.2021,t3pa,54.07,2575000
27.05.2021,t3pa,52.11,3288500
28.05.2021,t3pa,51.08,2651000
01.06.2021,t3pa,52.58,3288500
02.06.2021,t3pa,51.5,2575000
03.06.2021,t3pa,51.9,3288500
04.06.2021,t3pa,49.55,2651000
07.06.2021,t3pa,48.56,3288500
08.06.2021,t3pa,52.03,3288500
09.06.2021,t3pa,53.7,2575000
10.06.2021,t3pa,53.3,3288500
11.06.2021,t3pa,53.12,2651000
14.06.2021,t3pa,53.6,3288500
15.06.2021,t3pa,51.18,3288500
16.06.2021,t3pa,50.83,2575000
17.06.2021,t3pa,50.84,3288500
18.06.2021,t3pa,51.51,2651000
21.06.2021,t3pa,52.09,3288500
22.06.2021,t3pa,52.97,3288500
23.06.2021,t3pa,53.62,2575000
24.06.2021,t3pa,54.85,3288500
25.06.2021,t3pa,55.69,2651000
28.06.2021,t3pa,55.06,3288500
29.06.2021,t3pa,55.39,3290000
30.06.2021,t3pa,55.57,2575000
01.07.2021,t3pa,58.01,3288500
02.07.2021,t3pa,57.11,2651000
05.07.2021,t3pa,57.91,3288500
06.07.2021,t3pa,57.15,3288500
07.07.2021,t3pa,53.98,2575000
08.07.2021,t3pa,51.09,3288500
09.07.2021,t3pa,53.85,2651000
12.07.2021,t3pa,52.5,3288500
13.07.2021,t3pa,52.44,3288500
14.07.2021,t3pa,52,2575000
15.07.2021,t3pa,52.28,3288500
16.07.2021,t3pa,53.33,2651000
19.07.2021,t3pa,53.55,3288500
20.07.2021,t3pa,51.74,3288500
21.07.2021,t3pa,51.7,2575000
22.07.2021,t3pa,51.44,3288500
23.07.2021,t3pa,50.13,2651000
26.07.2021,t3pa,51.79,3288500
27.07.2021,t3pa,52.8,3288500
28.07.2021,t3pa,53.45,2575000
29.07.2021,t3pa,54.02,3288500
30.07.2021,t3pa,53,2651000
02.08.2021,t3pa,54.6,1644500
03.08.2021,t3pa,54.17,1644500
04.08.2021,t3pa,55,1287500
05.08.2021,t3pa,54.84,1644500
06.08.2021,t3pa,56.72,1325500
09.08.2021,t3pa,56,1644500
10.08.2021,t3pa,57.1,1644500
11.08.2021,t3pa,56.69,1287500
12.08.2021,t3pa,57.36,1644500
13.08.2021,t3pa,55.6,1325500
16.08.2021,t3pa,57.18,1644500
17.08.2021,t3pa,57.4,1644500
18.08.2021,t3pa,57.7,1287500
19.08.2021,t3pa,55.81,1644500
20.08.2021,t3pa,54.4,1325500
23.08.2021,t3pa,55.95,1644500
24.08.2021,t3pa,55.72,1644500
25.08.2021,t3pa,56.63,1300500
26.08.2021,t3pa,55.61,1644500
27.08.2021,t3pa,57.51,1328500
31.08.2021,t3pa,60.11,1759500
01.09.2021,t3pa,61.29,2066500
03.09.2021,t3pa,61.25,1805000
06.09.2021,t3pa,62.87,2515500
07.09.2021,t3pa,61.71,2515500
08.09.2021,t3pa,61.93,2066500
09.09.2021,t3pa,61.98,2515500
10.09.2021,t3pa,61.85,1805000
13.09.2021,t3pa,61.91,2515500
14.09.2021,t3pa,61.51,2515500
15.09.2021,t3pa,60.32,2066500
16.09.2021,t3pa,59.89,2515500
17.09.2021,t3pa,59.6,1805000
20.09.2021,t3pa,58.56,2524000
21.09.2021,t3pa,60.31,2515500
22.09.2021,t3pa,60.02,2066500
23.09.2021,t3pa,59.45,2515500
24.09.2021,t3pa,61.24,1805000
27.09.2021,t3pa,64,2515500
28.09.2021,t3pa,65,2515500
29.09.2021,t3pa,61.83,2066500
30.09.2021,t3pa,61.37,2515500
01.10.2021,t3pa,62.04,1805000
04.10.2021,t3pa,63.56,2515500
05.10.2021,t3pa,63.66,2515500
06.10.2021,t3pa,61.36,2066500
07.10.2021,t3pa,58.99,2515500
08.10.2021,t3pa,59.92,1805000
11.10.2021,t3pa,59.33,2515500
12.10.2021,t3pa,58.86,2515500
13.10.2021,t3pa,59.63,2066500
14.10.2021,t3pa,59.43,2515500
15.10.2021,t3pa,61.01,1805000
18.10.2021,t3pa,58.85,2515500
19.10.2021,t3pa,57.58,2515500
20.10.2021,t3pa,56,2066500
21.10.2021,t3pa,57.1,2515500
22.10.2021,t3pa,59.5,1805000
25.10.2021,t3pa,58.94,2515500
26.10.2021,t3pa,58.96,2515500
27.10.2021,t3pa,58.92,2066500
28.10.2021,t3pa,58.93,2515500
29.10.2021,t3pa,59.4,1805000
01.11.2021,t3pa,59.98,2515500
02.11.2021,t3pa,57.8,2515500
03.11.2021,t3pa,59.78,2066500
04.11.2021,t3pa,59.81,2515500
05.11.2021,t3pa,61.05,1805000
08.11.2021,t3pa,60.06,2515500
09.11.2021,t3pa,60.11,2515500
10.11.2021,t3pa,60.25,2066500
11.11.2021,t3pa,62.31,2515500
12.11.2021,t3pa,63.53,1805000
15.11.2021,t3pa,64.4,2515500
16.11.2021,t3pa,67.5,2515500
17.11.2021,t3pa,67.14,2066500
18.11.2021,t3pa,66.51,2515500
19.11.2021,t3pa,69.21,1805000
22.11.2021,t3pa,69.7,2515500
23.11.2021,t3pa,69.88,2515500
24.11.2021,t3pa,69.51,2066500
25.11.2021,t3pa,72.15,2515500
26.11.2021,t3pa,71.95,1805000
29.11.2021,t3pa,74.48,2515500
30.11.2021,t3pa,74.82,2515500
01.12.2021,t3pa,76.38,2066500
02.12.2021,t3pa,77.1,2515500
03.12.2021,t3pa,78.76,1805000
06.12.2021,t3pa,80,2515500
07.12.2021,t3pa,82.87,2515500
08.12.2021,t3pa,87.45,2066500
09.12.2021,t3pa,84.93,2515500
10.12.2021,t3pa,79.83,1805000
13.12.2021,t3pa,85,2515500
14.12.2021,t3pa,79.99,2515500
15.12.2021,t3pa,79.29,2074000
16.12.2021,t3pa,80.5,2515500
17.12.2021,t3pa,82.25,1807500
20.12.2021,t3pa,74.57,2542500
10.01.2022,t3pa,82.71,2449000
11.01.2022,t3pa,81.9,2449000
13.01.2022,t3pa,79.05,2449000
14.01.2022,t3pa,81.52,1944000
17.01.2022,t3pa,80.21,2449000
18.01.2022,t3pa,79.22,2449000
19.01.2022,t3pa,80.7,2658000
20.01.2022,t3pa,80.8,2449000
21.01.2022,t3pa,84.03,1944000
24.01.2022,t3pa,85.75,2449000
25.01.2022,t3pa,84.48,2449000
27.01.2022,t3pa,88.51,2449000
28.01.2022,t3pa,89.25,1944000
31.01.2022,t3pa,88.03,2449000
02.02.2022,t3pa,91.61,2658000
03.02.2022,t3pa,92.65,3062000
04.02.2022,t3pa,94.65,1944000
07.02.2022,t3pa,93.5,3062000
08.02.2022,t3pa,97.51,3062000
10.02.2022,t3pa,90.6,3059000
11.02.2022,t3pa,89.98,1944000
14.02.2022,t3pa,90.73,2449000
15.02.2022,t3pa,90.35,2449000
16.02.2022,t3pa,88.05,2658000
17.02.2022,t3pa,87.5,2449000
18.02.2022,t3pa,87.65,1944000
21.02.2022,t3pa,87.99,2449000
22.02.2022,t3pa,88.4,2449000
23.02.2022,t3pa,92.8,1108500
24.02.2022,t3pa,88,2449000
25.02.2022,t3pa,86.9,1944000
28.02.2022,t3pa,80.92,2449000
01.03.2022,t3pa,79.96,2449000
03.03.2022,t3pa,63.87,2449000
04.03.2022,t3pa,67.22,1944000
07.03.2022,t3pa,57.91,2449000
08.03.2022,t3pa,62.01,2449000
10.03.2022,t3pa,70.04,2449000
11.03.2022,t3pa,76.5,1944000
14.03.2022,t3pa,78.6,2449000
15.03.2022,t3pa,75.55,2449000
16.03.2022,t3pa,75.25,3322500
17.03.2022,t3pa,76.87,2449000
18.03.2022,t3pa,79.21,1944000
21.03.2022,t3pa,77.76,2506500
22.03.2022,t3pa,79.05,2506500
24.03.2022,t3pa,76.15,2507500
25.03.2022,t3pa,78.5,1944000
28.03.2022,t3pa,80.76,2506500
29.03.2022,t3pa,80.51,2506500
30.03.2022,t3pa,77.22,3322500
31.03.2022,t3pa,79.25,2506500
01.04.2022,t3pa,78,1944000
04.04.2022,t3pa,77.5,2506500
05.04.2022,t3pa,78.33,2506500
07.04.2022,t3pa,77.13,2506500
08.04.2022,t3pa,80.21,1944000
11.04.2022,t3pa,79.02,2506500
12.04.2022,t3pa,77.36,2506500
13.04.2022,t3pa,77.27,3322500
14.04.2022,t3pa,78.8,2506500
19.04.2022,t3pa,79.4,2506500
21.04.2022,t3pa,85.9,2506500
22.04.2022,t3pa,87.4,1944000
25.04.2022,t3pa,85.81,2506500
26.04.2022,t3pa,83.43,2506500
27.04.2022,t3pa,79.99,3322500
28.04.2022,t3pa,80.55,2506500
29.04.2022,t3pa,82.86,1944000
02.05.2022,t3pa,82.84,2506500
03.05.2022,t3pa,84.25,2506500
05.05.2022,t3pa,87.8,2506500
06.05.2022,t3pa,90.77,1944000
09.05.2022,t3pa,90.11,2506500
10.05.2022,t3pa,86.5,2506500
11.05.2022,t3pa,89,2658000
12.05.2022,t3pa,86.95,2506500
13.05.2022,t3pa,88.75,1944000
16.05.2022,t3pa,88.81,2506500
17.05.2022,t3pa,90.33,2506500
19.05.2022,t3pa,82.28,2506500
20.05.2022,t3pa,81.15,1944000
23.05.2022,t3pa,78.96,2506500
24.05.2022,t3pa,78.88,2506500
25.05.2022,t3pa,80.43,2658000
30.05.2022,t3pa,83.75,2506500
31.05.2022,t3pa,83.63,2506500
07.06.2022,t3pa,81.69,2295500
08.06.2022,t3pa,79.11,2658000
09.06.2022,t3pa,80.21,2295500
10.06.2022,t3pa,80.73,1944000
13.06.2022,t3pa,80.1,2295500
14.06.2022,t3pa,82.31,2295500
16.06.2022,t3pa,85.95,2295500
17.06.2022,t3pa,83,1944000
20.06.2022,t3pa,83.51,2295500
21.06.2022,t3pa,84.26,2295500
22.06.2022,t3pa,83.06,2658000
23.06.2022,t3pa,81.07,2295500
24.06.2022,t3pa,82.9,1944000
27.06.2022,t3pa,83.01,2295500
28.06.2022,t3pa,84.54,2296500
30.06.2022,t3pa,88.02,2295500
01.07.2022,t3pa,88.22,1944000
04.07.2022,t3pa,84.34,2295500
05.07.2022,t3pa,83.38,2295500
06.07.2022,t3pa,82.63,2658000
07.07.2022,t3pa,83.36,2295500
08.07.2022,t3pa,82.63,1944000
11.07.2022,t3pa,83.4,2295500
12.07.2022,t3pa,83.89,2295500
14.07.2022,t3pa,83,2295500
15.07.2022,t3pa,83.71,1944000
18.07.2022,t3pa,83.33,2295500
19.07.2022,t3pa,83.61,2295500
20.07.2022,t3pa,81.22,2658000
21.07.2022,t3pa,77.6,2295500
22.07.2022,t3pa,78.06,1944000
25.07.2022,t3pa,76.09,2295500
26.07.2022,t3pa,76.51,2295500
28.07.2022,t3pa,77.08,2295500
29.07.2022,t3pa,77.96,1944000
01.08.2022,t3pa,79.5,1146500
02.08.2022,t3pa,80.51,1146500
03.08.2022,t3pa,83.45,1329000
04.08.2022,t3pa,83.81,1146500
05.08.2022,t3pa,84.5,972000
08.08.2022,t3pa,84.6,1146500
09.08.2022,t3pa,84.06,1146500
11.08.2022,t3pa,86.35,1146500
12.08.2022,t3pa,87.3,972000
15.08.2022,t3pa,89.5,1146500
16.08.2022,t3pa,90.64,1146500
17.08.2022,t3pa,94.07,1329000
18.08.2022,t3pa,94,1146500
19.08.2022,t3pa,96.87,972000
22.08.2022,t3pa,97.5,1146500
23.08.2022,t3pa,92.52,1146500
25.08.2022,t3pa,89.3,1146500
26.08.2022,t3pa,89.56,982000
29.08.2022,t3pa,88.81,1146500
30.08.2022,t3pa,85.13,1295500
31.08.2022,t3pa,78.96,1334500
01.09.2022,t3pa,77.01,2510500
02.09.2022,t3pa,78.41,1861500
05.09.2022,t3pa,73.75,2510500
06.09.2022,t3pa,71.05,2510500
09.09.2022,t3pa,65.21,1861500
12.09.2022,t3pa,65.96,2510500
13.09.2022,t3pa,70.48,2510500
14.09.2022,t3pa,68.29,3101500
15.09.2022,t3pa,70.84,2510500
16.09.2022,t3pa,71,1861500
19.09.2022,t3pa,71.11,2510500
20.09.2022,t3pa,70.38,2510500
21.09.2022,t3pa,70.39,929000
22.09.2022,t3pa,69.88,2511500
23.09.2022,t3pa,67.56,1861500
26.09.2022,t3pa,66.02,2510500
27.09.2022,t3pa,67.7,2510500
28.09.2022,t3pa,64.71,3101500
29.09.2022,t3pa,64.7,2510500
30.09.2022,t3pa,66.87,1861500
03.10.2022,t3pa,64.45,2510500
04.10.2022,t3pa,66.17,2510500
06.10.2022,t3pa,65.76,2510500
07.10.2022,t3pa,67.52,1861500
10.10.2022,t3pa,67.01,2510500
11.10.2022,t3pa,66.34,2510500
12.10.2022,t3pa,65.76,3101500
13.10.2022,t3pa,66.65,2510500
14.10.2022,t3pa,67.7,1861500
17.10.2022,t3pa,66.25,2510500
18.10.2022,t3pa,67.11,2510500
20.10.2022,t3pa,67.01,2510500
21.10.2022,t3pa,67.9,1861500
24.10.2022,t3pa,68.02,2510500
25.10.2022,t3pa,74.17,2510500
26.10.2022,t3pa,76.51,3101500
27.10.2022,t3pa,77.1,2510500
28.10.2022,t3pa,80.76,1861500
31.10.2022,t3pa,78.69,2510500
01.11.2022,t3pa,78.76,2510500
03.11.2022,t3pa,76.63,2510500
04.11.2022,t3pa,78.14,1861500
07.11.2022,t3pa,76.75,2510500
08.11.2022,t3pa,76.02,2510500
09.11.2022,t3pa,75.35,3101500
10.11.2022,t3pa,71.62,2510500
11.11.2022,t3pa,73.33,1861500
14.11.2022,t3pa,74.85,2510500
15.11.2022,t3pa,74.93,2510500
17.11.2022,t3pa,73.31,2510500
18.11.2022,t3pa,72.22,1861500
21.11.2022,t3pa,73.36,2510500
22.11.2022,t3pa,73.54,2510500
23.11.2022,t3pa,74.08,3101500
24.11.2022,t3pa,76.64,2510500
25.11.2022,t3pa,79.36,1861500
28.11.2022,t3pa,77.61,2510500
29.11.2022,t3pa,78.88,2510500
01.12.2022,t3pa,86.11,2510500
02.12.2022,t3pa,85.21,1861500
05.12.2022,t3pa,85.69,2510500
06.12.2022,t3pa,86.48,2510500
07.12.2022,t3pa,87,3102500
08.12.2022,t3pa,87.91,2510500
09.12.2022,t3pa,88.26,1861500
12.12.2022,t3pa,88.35,2510500
13.12.2022,t3pa,89.01,2510500
15.12.2022,t3pa,86.16,2510500
16.12.2022,t3pa,83.41,1865500
19.12.2022,t3pa,84.1,2568500
09.01.2023,t3pa,75.27,2409000
10.01.2023,t3pa,78.61,2409000
12.01.2023,t3pa,76.8,2409000
13.01.2023,t3pa,76.42,1939500
16.01.2023,t3pa,75.05,2409000
17.01.2023,t3pa,75.04,2409000
18.01.2023,t3pa,76.25,2676000
19.01.2023,t3pa,82.06,2409000
20.01.2023,t3pa,81.01,1939500
23.01.2023,t3pa,81.52,2409000
24.01.2023,t3pa,80.88,2409000
26.01.2023,t3pa,83.51,2409000
27.01.2023,t3pa,86.71,1939500
30.01.2023,t3pa,85.2,2409000
31.01.2023,t3pa,86.68,2409000
01.02.2023,t3pa,91.91,2676000
02.02.2023,t3pa,93.5,2409000
03.02.2023,t3pa,91.15,1939500
06.02.2023,t3pa,91.78,2409000
07.02.2023,t3pa,87.52,2409000
09.02.2023,t3pa,87.36,2409000
10.02.2023,t3pa,89.7,1939500
13.02.2023,t3pa,88.86,2409000
14.02.2023,t3pa,89.96,2409000
15.02.2023,t3pa,87.75,2676000
16.02.2023,t3pa,92.85,2409000
17.02.2023,t3pa,93.69,1939500
20.02.2023,t3pa,93.73,2409000
21.02.2023,t3pa,95.35,2409000
23.02.2023,t3pa,93.26,2409000
24.02.2023,t3pa,95.83,1939500
27.02.2023,t3pa,95.12,2409000
28.02.2023,t3pa,96.33,2409000
01.03.2023,t3pa,95.89,2676000
02.03.2023,t3pa,93.25,2409000
03.03.2023,t3pa,88.81,1939500
06.03.2023,t3pa,91.01,2409000
07.03.2023,t3pa,91.56,2409000
09.03.2023,t3pa,95.43,2409000
10.03.2023,t3pa,95.16,1939500
13.03.2023,t3pa,94.36,2409000
14.03.2023,t3pa,92.34,2409000
15.03.2023,t3pa,90.31,2676000
16.03.2023,t3pa,83.25,2409000
17.03.2023,t3pa,86.5,1939500
20.03.2023,t3pa,82.46,2409000
21.03.2023,t3pa,87.14,2409000
23.03.2023,t3pa,88.27,2410500
24.03.2023,t3pa,88.09,1939500
27.03.2023,t3pa,85.18,2409000
28.03.2023,t3pa,86.54,2409000
29.03.2023,t3pa,87.16,2676000
30.03.2023,t3pa,87.42,2409000
31.03.2023,t3pa,88.61,1939500
03.04.2023,t3pa,89.82,2409000
04.04.2023,t3pa,94.12,2409000
06.04.2023,t3pa,94.3,2409000
11.04.2023,t3pa,95.52,2409000
12.04.2023,t3pa,93.9,2676000
13.04.2023,t3pa,90.51,2409000
14.04.2023,t3pa,92.3,1939500
17.04.2023,t3pa,90.55,2409000
18.04.2023,t3pa,90.55,2409000
20.04.2023,t3pa,90.68,2409000
21.04.2023,t3pa,88.6,1939500
24.04.2023,t3pa,85.7,2409000
25.04.2023,t3pa,84.73,2409000
26.04.2023,t3pa,83.31,2676000
27.04.2023,t3pa,85,2409000
28.04.2023,t3pa,84,1939500
02.05.2023,t3pa,83.24,2409000
04.05.2023,t3pa,82.23,2409000
05.05.2023,t3pa,84.38,1939500
08.05.2023,t3pa,82.99,2409000
09.05.2023,t3pa,83.84,2409000
10.05.2023,t3pa,85.85,2676000
11.05.2023,t3pa,86.75,2409000
12.05.2023,t3pa,86.67,1939500
15.05.2023,t3pa,85.7,2409000
16.05.2023,t3pa,85.05,2409000
22.05.2023,t3pa,85.2,2409000
23.05.2023,t3pa,84.32,2409000
24.05.2023,t3pa,83,2676000
25.05.2023,t3pa,81.12,2409000
26.05.2023,t3pa,81.11,1939500
30.05.2023,t3pa,79.79,2409000
01.06.2023,t3pa,78.62,2409000
02.06.2023,t3pa,78.2,1939500
05.06.2023,t3pa,78.55,2409000
06.06.2023,t3pa,80.07,2409000
07.06.2023,t3pa,78.25,2676000
08.06.2023,t3pa,81.54,2409000
09.06.2023,t3pa,83.11,1939500
12.06.2023,t3pa,83.45,2409000
13.06.2023,t3pa,86.44,2409000
15.06.2023,t3pa,91.67,2409000
16.06.2023,t3pa,89.3,1939500
19.06.2023,t3pa,90.16,2409000
20.06.2023,t3pa,91.55,2409000
21.06.2023,t3pa,90.35,2676000
22.06.2023,t3pa,87.11,2409000
23.06.2023,t3pa,88.9,1939500
26.06.2023,t3pa,86.01,2409000
27.06.2023,t3pa,85.35,2410000
29.06.2023,t3pa,86.6,2409000
30.06.2023,t3pa,85.31,1939500
03.07.2023,t3pa,87.11,2658000
04.07.2023,t3pa,85,2658000
05.07.2023,t3pa,84.84,2676000
06.07.2023,t3pa,84.18,2658000
07.07.2023,t3pa,84.82,1939500
10.07.2023,t3pa,85,2658000
11.07.2023,t3pa,83.62,2658000
13.07.2023,t3pa,84.25,2658000
14.07.2023,t3pa,85.51,1939500
17.07.2023,t3pa,84.72,2658000
18.07.2023,t3pa,84.9,2658000
19.07.2023,t3pa,86.03,2676000
20.07.2023,t3pa,87.76,2658000
21.07.2023,t3pa,89.36,1939500
24.07.2023,t3pa,90.3,2658000
25.07.2023,t3pa,90.25,2658000
27.07.2023,t3pa,88.02,2658000
28.07.2023,t3pa,87.33,1939500
31.07.2023,t3pa,86.65,2658000
01.08.2023,t3pa,84.69,1329000
02.08.2023,t3pa,81.88,1338000
03.08.2023,t3pa,83.52,1329000
04.08.2023,t3pa,83.33,970000
07.08.2023,t3pa,82.28,1329000
08.08.2023,t3pa,81.46,1329000
10.08.2023,t3pa,82.24,1329000
11.08.2023,t3pa,84.2,970000
14.08.2023,t3pa,85.34,1329000
15.08.2023,t3pa,86.71,1329000
16.08.2023,t3pa,87.01,1338000
17.08.2023,t3pa,86.84,1329000
18.08.2023,t3pa,86.68,970000
21.08.2023,t3pa,86,1329000
22.08.2023,t3pa,87.86,1329000
24.08.2023,t3pa,85.51,1329000
25.08.2023,t3pa,85.5,976500
28.08.2023,t3pa,84.7,1329000
29.08.2023,t3pa,84.64,1329000
30.08.2023,t3pa,84.57,1344500
31.08.2023,t3pa,85.52,1581500
01.09.2023,t3pa,84,2147000
04.09.2023,t3pa,83.42,3035500
05.09.2023,t3pa,83.41,3035500
08.09.2023,t3pa,82.09,2147000
11.09.2023,t3pa,80.98,3035500
12.09.2023,t3pa,80.6,3035500
13.09.2023,t3pa,80.5,3347500
14.09.2023,t3pa,81.69,3035500
15.09.2023,t3pa,82.33,2147000
18.09.2023,t3pa,80.26,3035500
19.09.2023,t3pa,79.5,3035500
21.09.2023,t3pa,81.78,3036500
22.09.2023,t3pa,84.03,2147000
25.09.2023,t3pa,83.92,3035500
26.09.2023,t3pa,82.44,3035500
27.09.2023,t3pa,81.37,3347500
28.09.2023,t3pa,81.9,3035500
29.09.2023,t3pa,81.65,2147000
02.10.2023,t3pa,80.95,3035500
03.10.2023,t3pa,79.17,3035500
04.10.2023,t3pa,78.78,1000000
05.10.2023,t3pa,80.5,3035500
06.10.2023,t3pa,79.95,2147000
09.10.2023,t3pa,80.43,3035500
10.10.2023,t3pa,81.82,3035500
11.10.2023,t3pa,82.68,3347500
12.10.2023,t3pa,83.35,3035500
13.10.2023,t3pa,84.61,2147000
16.10.2023,t3pa,83.4,3035500
17.10.2023,t3pa,81.69,3035500
19.10.2023,t3pa,79.99,3035500
20.10.2023,t3pa,81.19,2147000
23.10.2023,t3pa,79.92,3035500
24.10.2023,t3pa,80.4,3035500
25.10.2023,t3pa,79.85,3347500
26.10.2023,t3pa,79.48,3035500
27.10.2023,t3pa,79.41,2147000
30.10.2023,t3pa,79.78,3035500
31.10.2023,t3pa,77.65,3035500
02.11.2023,t3pa,77.88,3035500
03.11.2023,t3pa,78.35,2147000
06.11.2023,t3pa,76.02,3035500
07.11.2023,t3pa,75.58,3035500
08.11.2023,t3pa,74.56,3347500
09.11.2023,t3pa,75.75,3035500
10.11.2023,t3pa,76.46,2147000
13.11.2023,t3pa,77.01,3035500
14.11.2023,t3pa,76.62,3035500
16.11.2023,t3pa,79,3035500
17.11.2023,t3pa,76.55,2147000
20.11.2023,t3pa,76.35,3035500
21.11.2023,t3pa,75.69,3035500
22.11.2023,t3pa,74.84,3347500
23.11.2023,t3pa,74.5,3035500
24.11.2023,t3pa,75.9,2147000
27.11.2023,t3pa,74.57,3035500
28.11.2023,t3pa,71.71,3035500
30.11.2023,t3pa,70.79,3035500
01.12.2023,t3pa,71.45,2147000
04.12.2023,t3pa,71.34,3035500
05.12.2023,t3pa,69.94,3035500
06.12.2023,t3pa,68.71,3350000
07.12.2023,t3pa,68.76,3035500
08.12.2023,t3pa,69.84,2147000
11.12.2023,t3pa,67.82,3035500
12.12.2023,t3pa,66.72,3035500
14.12.2023,t3pa,68.45,3035500
15.12.2023,t3pa,66.6,2151000
18.12.2023,t3pa,66.49,3041500
15.01.2024,t3pa,63.5,3099500
16.01.2024,t3pa,63.2,3099500
17.01.2024,t3pa,62.96,2310000
18.01.2024,t3pa,61.28,3099500
19.01.2024,t3pa,61.93,1796000
22.01.2024,t3pa,59.74,3099500
23.01.2024,t3pa,60.55,3099500
25.01.2024,t3pa,61.95,3099500
26.01.2024,t3pa,61.95,1796000
29.01.2024,t3pa,60.81,3099500
30.01.2024,t3pa,59.82,3099500
31.01.2024,t3pa,62.27,2310000
01.02.2024,t3pa,61.09,3099500
02.02.2024,t3pa,60.92,1796000
05.02.2024,t3pa,60.68,3099500
06.02.2024,t3pa,60.25,3099500
08.02.2024,t3pa,59.85,3099500
09.02.2024,t3pa,57.24,1796000
12.02.2024,t3pa,55.84,3099500
13.02.2024,t3pa,54.24,3099500
14.02.2024,t3pa,54.07,2310000
15.02.2024,t3pa,54.87,3099500
16.02.2024,t3pa,55.12,1796000
19.02.2024,t3pa,53,3099500
20.02.2024,t3pa,51.8,3099500
22.02.2024,t3pa,51.55,3099500
23.02.2024,t3pa,49.5,1796000
26.02.2024,t3pa,50.65,3099500
27.02.2024,t3pa,51.12,3099500
28.02.2024,t3pa,54.94,2310000
29.02.2024,t3pa,54.9,3099500
01.03.2024,t3pa,53.6,1796000
04.03.2024,t3pa,51.76,3099500
05.03.2024,t3pa,59.14,3099500
07.03.2024,t3pa,56.94,3099500
08.03.2024,t3pa,57.1,1796000
11.03.2024,t3pa,54.43,3099500
12.03.2024,t3pa,54.21,3099500
13.03.2024,t3pa,54.92,2310000
14.03.2024,t3pa,54.25,3099500
15.03.2024,t3pa,57.75,1796000
18.03.2024,t3pa,59.42,3099500
19.03.2024,t3pa,59,3099500
21.03.2024,t3pa,58,3104500
22.03.2024,t3pa,57.93,1796000
25.03.2024,t3pa,62.09,3099500
26.03.2024,t3pa,63.25,3099500
27.03.2024,t3pa,60.56,2310000
28.03.2024,t3pa,59.86,3099500
02.04.2024,t3pa,57.07,3099500
04.04.2024,t3pa,56.37,3099500
05.04.2024,t3pa,57.17,1796000
08.04.2024,t3pa,58.41,3099500
09.04.2024,t3pa,61.3,3099500
10.04.2024,t3pa,63,2310000
11.04.2024,t3pa,63.42,3099500
12.04.2024,t3pa,68.01,1796000
15.04.2024,t3pa,68.17,3099500
16.04.2024,t3pa,70.61,3099500
18.04.2024,t3pa,67.15,3099500
19.04.2024,t3pa,67.77,1796000
22.04.2024,t3pa,65.1,3099500
23.04.2024,t3pa,64.28,3099500
24.04.2024,t3pa,65.35,2310000
25.04.2024,t3pa,65.08,3099500
26.04.2024,t3pa,65.66,1796000
29.04.2024,t3pa,63.52,3099500
30.04.2024,t3pa,65.26,3099500
02.05.2024,t3pa,68.1,3099500
03.05.2024,t3pa,71.18,1796000
06.05.2024,t3pa,70.3,3099500
07.05.2024,t3pa,69.16,3099500
08.05.2024,t3pa,68.99,2310000
13.05.2024,t3pa,68.48,3099500
14.05.2024,t3pa,67.67,3099500
16.05.2024,t3pa,68.26,3099500
17.05.2024,t3pa,69.46,1796000
20.05.2024,t3pa,71.24,3099500
21.05.2024,t3pa,71.8,3099500
22.05.2024,t3pa,74.31,2310000
23.05.2024,t3pa,74.9,3099500
24.05.2024,t3pa,72.8,1796000
28.05.2024,t3pa,72.9,3099500
30.05.2024,t3pa,72,3099500
31.05.2024,t3pa,74.49,1796000
03.06.2024,t3pa,75.35,3099500
04.06.2024,t3pa,71.5,3099500
05.06.2024,t3pa,70.3,2310000
06.06.2024,t3pa,71,3099500
07.06.2024,t3pa,69.9,1796000
10.06.2024,t3pa,67.82,3099500
11.06.2024,t3pa,70.31,3099500
13.06.2024,t3pa,69.77,3099500
14.06.2024,t3pa,68.41,1796000
17.06.2024,t3pa,66.66,3099500
18.06.2024,t3pa,66.97,3099500
19.06.2024,t3pa,67.75,2310000
20.06.2024,t3pa,68.61,3104000
21.06.2024,t3pa,67.36,1796000
24.06.2024,t3pa,66.06,3099500
25.06.2024,t3pa,65.94,3099500
27.06.2024,t3pa,66.17,3099500
28.06.2024,t3pa,65.01,1796000
01.07.2024,t3pa,67.83,3099500
02.07.2024,t3pa,66.71,3099500
03.07.2024,t3pa,68.84,2310000
04.07.2024,t3pa,68.71,3099500
05.07.2024,t3pa,68.68,1796000
08.07.2024,t3pa,70,3099500
09.07.2024,t3pa,66.87,3099500
11.07.2024,t3pa,66.72,3099500
12.07.2024,t3pa,67.06,1796000
15.07.2024,t3pa,66.63,3099500
16.07.2024,t3pa,66.16,3099500
17.07.2024,t3pa,66.66,2310000
18.07.2024,t3pa,64.96,3099500
19.07.2024,t3pa,64.73,1796000
22.07.2024,t3pa,64.37,3099500
23.07.2024,t3pa,63.67,3099500
25.07.2024,t3pa,66.71,3099500
26.07.2024,t3pa,66.33,1796000
29.07.2024,t3pa,67.17,3099500
30.07.2024,t3pa,66.55,3099500
31.07.2024,t3pa,67.85,2310000
01.08.2024,t3pa,68.07,3099500
02.08.2024,t3pa,69.76,1796000
05.08.2024,t3pa,67.02,3099500
06.08.2024,t3pa,68.65,3099500
08.08.2024,t3pa,68.9,3099500
09.08.2024,t3pa,70.46,1796000
12.08.2024,t3pa,71.15,3099500
13.08.2024,t3pa,70.82,3099500
14.08.2024,t3pa,70.59,2310000
15.08.2024,t3pa,69.85,3099500
16.08.2024,t3pa,71,1796000
19.08.2024,t3pa,71.5,3099500
20.08.2024,t3pa,72.4,3099500
22.08.2024,t3pa,71.02,3099500
23.08.2024,t3pa,70.73,1796000
26.08.2024,t3pa,69.28,3099500
27.08.2024,t3pa,70.17,3099500
28.08.2024,t3pa,70.39,2313500
29.08.2024,t3pa,69.5,3125000
30.08.2024,t3pa,70.07,1810000
02.09.2024,t3pa,69.3,3287500
03.09.2024,t3pa,68.56,3287500
05.09.2024,t3pa,65.99,3287500
06.09.2024,t3pa,67,1886500
09.09.2024,t3pa,65.75,3287500
10.09.2024,t3pa,65.83,3287500
11.09.2024,t3pa,64.75,2833500
12.09.2024,t3pa,65.1,3287500
13.09.2024,t3pa,64.89,1886500
16.09.2024,t3pa,64.94,3287500
17.09.2024,t3pa,62.71,3287500
19.09.2024,t3pa,63.56,3290500
20.09.2024,t3pa,63.18,1886500
23.09.2024,t3pa,64,3287500
24.09.2024,t3pa,63.91,3287500
25.09.2024,t3pa,63.55,2833500
26.09.2024,t3pa,63.88,3287500
27.09.2024,t3pa,65.45,1886500
30.09.2024,t3pa,65.69,3287500
01.10.2024,t3pa,63.19,3287500
02.10.2024,t3pa,62.89,926500
03.10.2024,t3pa,62.02,3287500
04.10.2024,t3pa,61.03,1886500
07.10.2024,t3pa,60.15,3287500
08.10.2024,t3pa,59.85,3287500
09.10.2024,t3pa,61.18,2833500
10.10.2024,t3pa,63.3,3287500
11.10.2024,t3pa,63.71,1886500
14.10.2024,t3pa,65,3287500
15.10.2024,t3pa,64.08,3287500
17.10.2024,t3pa,63.1,3287500
18.10.2024,t3pa,61.9,1886500
21.10.2024,t3pa,62.3,3287500
22.10.2024,t3pa,61.22,3287500
23.10.2024,t3pa,63.75,2833500
24.10.2024,t3pa,64.6,3287500
25.10.2024,t3pa,66.32,1886500
28.10.2024,t3pa,64.38,3287500
29.10.2024,t3pa,66.42,3287500
31.10.2024,t3pa,64.78,3287500
01.11.2024,t3pa,64.46,1886500
04.11.2024,t3pa,64.68,3287500
05.11.2024,t3pa,65.06,3287500
06.11.2024,t3pa,62.94,2833500
07.11.2024,t3pa,65.35,3287500
08.11.2024,t3pa,66.2,1886500
11.11.2024,t3pa,67.6,3287500
12.11.2024,t3pa,65.92,3287500
14.11.2024,t3pa,67.15,3287500
15.11.2024,t3pa,66.78,1886500
18.11.2024,t3pa,67.7,3287500
19.11.2024,t3pa,69.05,3287500
20.11.2024,t3pa,68.02,2833500
21.11.2024,t3pa,68.79,3287500
22.11.2024,t3pa,69.71,1886500
25.11.2024,t3pa,69.32,3287500
26.11.2024,t3pa,69.37,3287500
28.11.2024,t3pa,67.91,3287500
29.11.2024,t3pa,67.3,1886500
02.12.2024,t3pa,69.4,3287500
03.12.2024,t3pa,68.12,3287500
04.12.2024,t3pa,67.42,2833500
05.12.2024,t3pa,67.62,3287500
06.12.2024,t3pa,67.25,1886500
09.12.2024,t3pa,67.7,3287500
10.12.2024,t3pa,67,3287500
12.12.2024,t3pa,67.95,3287500
13.12.2024,t3pa,66.07,1890500
16.12.2024,t3pa,63.64,3248000
07.01.2025,t3pa,71.02,3245500
08.01.2025,t3pa,71.5,2072500
09.01.2025,t3pa,70.01,3245500
10.01.2025,t3pa,70.63,1607000
13.01.2025,t3pa,74.4,3245500
14.01.2025,t3pa,74.45,3245500
16.01.2025,t3pa,75.7,3245500
17.01.2025,t3pa,77.3,1607000
20.01.2025,t3pa,76.4,3245500
21.01.2025,t3pa,77.3,3245500
22.01.2025,t3pa,76.71,2072500
23.01.2025,t3pa,79.06,3245500
24.01.2025,t3pa,78.43,1607000
27.01.2025,t3pa,77.7,3245500
28.01.2025,t3pa,77.06,3245500
30.01.2025,t3pa,81.57,3245500
31.01.2025,t3pa,81.11,1607000
03.02.2025,t3pa,80.39,3245500
04.02.2025,t3pa,79.06,3245500
05.02.2025,t3pa,77.87,2072500
06.02.2025,t3pa,79.75,3245500
07.02.2025,t3pa,80.71,1607000
10.02.2025,t3pa,81.27,3245500
11.02.2025,t3pa,80.08,3245500
13.02.2025,t3pa,76.77,3245500
14.02.2025,t3pa,75.84,1607000
17.02.2025,t3pa,77.02,3245500
18.02.2025,t3pa,74.53,3245500
19.02.2025,t3pa,72.9,2072500
20.02.2025,t3pa,71.21,3245500
21.02.2025,t3pa,73.01,1607000
24.02.2025,t3pa,70.8,3245500
25.02.2025,t3pa,71.15,3245500
27.02.2025,t3pa,69.96,3245500
28.02.2025,t3pa,70.65,1607000
03.03.2025,t3pa,70.31,3245500
04.03.2025,t3pa,68.1,3245500
05.03.2025,t3pa,67.99,2072500
06.03.2025,t3pa,66.58,3245500
07.03.2025,t3pa,67.77,1607000
10.03.2025,t3pa,68.18,3245500
11.03.2025,t3pa,67.02,3245500
13.03.2025,t3pa,68.2,3245500
14.03.2025,t3pa,68.65,1607000
17.03.2025,t3pa,68.53,3245500
18.03.2025,t3pa,68.66,3245500
19.03.2025,t3pa,71.35,2072500
20.03.2025,t3pa,71.54,3245500
21.03.2025,t3pa,71.56,1607000
24.03.2025,t3pa,69.85,3245500
25.03.2025,t3pa,69.61,3245500
27.03.2025,t3pa,68.41,3245500
28.03.2025,t3pa,67.36,1607000
31.03.2025,t3pa,66.8,3246500
01.04.2025,t3pa,66.71,3245500
02.04.2025,t3pa,68.62,2072500
03.04.2025,t3pa,65.75,3245500
04.04.2025,t3pa,63.8,1607000
07.04.2025,t3pa,59.76,3245500
08.04.2025,t3pa,60.35,3245500
10.04.2025,t3pa,62.08,3245500
11.04.2025,t3pa,61.01,1607000
14.04.2025,t3pa,64.6,3245500
15.04.2025,t3pa,66.21,3245500
16.04.2025,t3pa,65.98,2072500
17.04.2025,t3pa,65.06,3245500
22.04.2025,t3pa,63.3,3245500
24.04.2025,t3pa,63.93,3245500
25.04.2025,t3pa,65.89,1607000
28.04.2025,t3pa,64.2,3245500
29.04.2025,t3pa,63.55,3245500
30.04.2025,t3pa,65.05,2072500
05.05.2025,t3pa,66.64,3245500
06.05.2025,t3pa,67.88,3245500
08.05.2025,t3pa,70.3,3245500
09.05.2025,t3pa,70.2,1607000
12.05.2025,t3pa,71.01,3245500
13.05.2025,t3pa,71.69,3245500
14.05.2025,t3pa,71.85,2072500
15.05.2025,t3pa,70.11,3245500
16.05.2025,t3pa,72.94,1607000
19.05.2025,t3pa,69.44,3245500
20.05.2025,t3pa,70.69,3245500
22.05.2025,t3pa,71.84,3245500
23.05.2025,t3pa,71.11,1607000
27.05.2025,t3pa,71.51,3245500
28.05.2025,t3pa,70.54,2072500
02.06.2025,t3pa,70.58,3245500
03.06.2025,t3pa,70.61,3245500
05.06.2025,t3pa,72.54,3245500
06.06.2025,t3pa,72.3,1607000
10.06.2025,t3pa,72.16,3245500
11.06.2025,t3pa,73.5,2072500
12.06.2025,t3pa,72.71,3245500
13.06.2025,t3pa,75.36,1607000
16.06.2025,t3pa,74.51,3245500
17.06.2025,t3pa,74.05,3245500
19.06.2025,t3pa,73.48,3245500
20.06.2025,t3pa,71.97,1607000
23.06.2025,t3pa,72,3245500
24.06.2025,t3pa,72.91,3245500
25.06.2025,t3pa,71.72,2072500
26.06.2025,t3pa,69.46,3245500
27.06.2025,t3pa,69.4,1607000
30.06.2025,t3pa,68.95,3246500
01.07.2025,t3pa,69.01,3245500
03.07.2025,t3pa,70.52,3245500
04.07.2025,t3pa,70.85,1607000
07.07.2025,t3pa,70.34,3245500
08.07.2025,t3pa,69.96,3245500
09.07.2025,t3pa,69.88,2072500
10.07.2025,t3pa,70.44,3245500
11.07.2025,t3pa,69.3,1607000
14.07.2025,t3pa,70.42,3245500
15.07.2025,t3pa,69.76,3245500
17.07.2025,t3pa,70.05,3245500
18.07.2025,t3pa,69.68,1607000
21.07.2025,t3pa,69.53,3245500
22.07.2025,t3pa,68.73,3245500
23.07.2025,t3pa,69.1,2072500
24.07.2025,t3pa,68.89,3245500
25.07.2025,t3pa,70.22,1607000
28.07.2025,t3pa,70.63,3245500
29.07.2025,t3pa,70.53,3245500
31.07.2025,t3pa,72,3245500
01.08.2025,t3pa,71.14,1607000
04.08.2025,t3pa,69.52,3245500
05.08.2025,t3pa,70.07,3245500
06.08.2025,t3pa,70.74,2072500
07.08.2025,t3pa,70.1,3245500
08.08.2025,t3pa,72.14,1607000
11.08.2025,t3pa,72.18,3245500
12.08.2025,t3pa,71.3,3245500
14.08.2025,t3pa,70.54,3245500
15.08.2025,t3pa,70.13,1607000
18.08.2025,t3pa,70.21,3245500
19.08.2025,t3pa,71.37,3245500
20.08.2025,t3pa,70.47,2069000
21.08.2025,t3pa,71.19,3245500
22.08.2025,t3pa,72.05,1607000
25.08.2025,t3pa,71.36,3245500
26.08.2025,t3pa,71.31,3245500
28.08.2025,t3pa,71.18,3244500
29.08.2025,t3pa,71.3,1614500
01.09.2025,t3pa,73.14,3268000
02.09.2025,t3pa,73.5,3268000
03.09.2025,t3pa,73.27,2162500
04.09.2025,t3pa,74.38,3268000
05.09.2025,t3pa,75.44,1691000
08.09.2025,t3pa,75.21,3268000
09.09.2025,t3pa,76.4,3268000
11.09.2025,t3pa,76.07,3268000
12.09.2025,t3pa,75.02,1691000
15.09.2025,t3pa,75.02,3268000
16.09.2025,t3pa,76.17,3268000
17.09.2025,t3pa,77.53,2162500
18.09.2025,t3pa,77.22,3268000
19.09.2025,t3pa,76.57,1691000
22.09.2025,t3pa,76.8,3268000
23.09.2025,t3pa,75.6,3268000
25.09.2025,t3pa,75.56,3268000
26.09.2025,t3pa,75.17,1691000
29.09.2025,t3pa,75.2,3268000
